{
  "type": "FeatureCollection",
  "name": "basin-boundary",
  "crs": {
    "type": "name",
    "properties": {
      "name": "urn:ogc:def:crs:OGC:1.3:CRS84"
    }
  },
  "features": [
    {
      "type": "Feature",
      "properties": {
        "WASHD_NO": 1,
        "WSHD_NAME": "Kelani Ganga",
        "HECTARES": 232138.4978
      },
      "geometry": {
        "type": "MultiPolygon",
        "coordinates": [
          [
            [
              [
                79.85173143091625,
                6.960371687617373
              ],
              [
                79.85169521463175,
                6.960355004614804
              ],
              [
                79.85169517703193,
                6.960355004541695
              ],
              [
                79.85173143091625,
                6.960371687617373
              ]
            ]
          ],
          [
            [
              [
                80.66046862481797,
                6.766718652338676
              ],
              [
                80.65992383539354,
                6.766562920099852
              ],
              [
                80.65953472852182,
                6.766329419500141
              ],
              [
                80.6593792171098,
                6.765668052349805
              ],
              [
                80.65984646867393,
                6.764540006604067
              ],
              [
                80.66097548186126,
                6.762556270720685
              ],
              [
                80.661053472661,
                6.761856055201443
              ],
              [
                80.66101490215733,
                6.76033887431216
              ],
              [
                80.66060657726648,
                6.759074471157688
              ],
              [
                80.66056783058177,
                6.758335327119434
              ],
              [
                80.66076285098038,
                6.756390278838024
              ],
              [
                80.66072785257921,
                6.754906646397603
              ],
              [
                80.66072430813615,
                6.754756392036377
              ],
              [
                80.66021864299624,
                6.753744828270798
              ],
              [
                80.65772852601717,
                6.751838061231886
              ],
              [
                80.65426548519957,
                6.750242263167176
              ],
              [
                80.65204742034511,
                6.749930509071715
              ],
              [
                80.650043258266,
                6.750143973351572
              ],
              [
                80.64883684228576,
                6.750377081957431
              ],
              [
                80.64782495954556,
                6.750765844410682
              ],
              [
                80.64545082458973,
                6.752048996256625
              ],
              [
                80.6443221401513,
                6.752632230234168
              ],
              [
                80.64241517407038,
                6.75313745203497
              ],
              [
                80.64035238673793,
                6.754226151794771
              ],
              [
                80.63813401510666,
                6.755003585363154
              ],
              [
                80.63696654009743,
                6.755081067589605
              ],
              [
                80.63498205467398,
                6.754419183833273
              ],
              [
                80.6335616934606,
                6.754282626893971
              ],
              [
                80.63216069589745,
                6.754476736829887
              ],
              [
                80.63103205789709,
                6.754826528676654
              ],
              [
                80.62803525172153,
                6.755992708623683
              ],
              [
                80.62721798679165,
                6.756148074169645
              ],
              [
                80.62391030214192,
                6.755796965775184
              ],
              [
                80.62313195154225,
                6.7559523362506
              ],
              [
                80.62184755946396,
                6.756574371653094
              ],
              [
                80.62087454652965,
                6.757001991121593
              ],
              [
                80.6192400087279,
                6.757312696619354
              ],
              [
                80.61789726603476,
                6.757837448645108
              ],
              [
                80.61700205320997,
                6.758342888358275
              ],
              [
                80.61334339055281,
                6.760247899601194
              ],
              [
                80.6124093423244,
                6.760481005563124
              ],
              [
                80.61073601407789,
                6.760363749916261
              ],
              [
                80.60972428887646,
                6.760130003773666
              ],
              [
                80.60886839575159,
                6.759390584691713
              ],
              [
                80.60809015284586,
                6.759195814996247
              ],
              [
                80.60703937128916,
                6.759389969655619
              ],
              [
                80.60521010740914,
                6.760089579378636
              ],
              [
                80.60384799909444,
                6.76028362051479
              ],
              [
                80.60161039327258,
                6.760185589595522
              ],
              [
                80.5944885669688,
                6.760999986158107
              ],
              [
                80.58974054004204,
                6.761892974462276
              ],
              [
                80.58614032270232,
                6.763272626382992
              ],
              [
                80.58263760945596,
                6.764049312468888
              ],
              [
                80.58053597645721,
                6.764515311858526
              ],
              [
                80.57901790707486,
                6.765409452177011
              ],
              [
                80.57831705068672,
                6.766342814810865
              ],
              [
                80.57816084491967,
                6.767704311965151
              ],
              [
                80.57839392322316,
                6.768754750344791
              ],
              [
                80.57928830031364,
                6.770505681177438
              ],
              [
                80.57944370355715,
                6.771167071391633
              ],
              [
                80.57936563991316,
                6.771750565850028
              ],
              [
                80.57885946489367,
                6.772411693984068
              ],
              [
                80.5781588302832,
                6.772761530659406
              ],
              [
                80.57625192576884,
                6.772760767553761
              ],
              [
                80.57494751311889,
                6.77294217310217
              ],
              [
                80.57386759525653,
                6.773702079346906
              ],
              [
                80.57297973598577,
                6.774644298718336
              ],
              [
                80.57296749157409,
                6.774693172618476
              ],
              [
                80.5729648687807,
                6.774704512525247
              ],
              [
                80.57263585763377,
                6.776127020149294
              ],
              [
                80.57208329616707,
                6.778112308521069
              ],
              [
                80.57127350518164,
                6.779472420374617
              ],
              [
                80.57039053962257,
                6.779876511795587
              ],
              [
                80.56950772587832,
                6.779912913741932
              ],
              [
                80.56781585010437,
                6.779544518364117
              ],
              [
                80.56498396403663,
                6.778550563914103
              ],
              [
                80.5613065734501,
                6.776416395719877
              ],
              [
                80.55990906072077,
                6.775864256831505
              ],
              [
                80.5557526872146,
                6.775641814449859
              ],
              [
                80.5537393656066,
                6.775310965334103
              ],
              [
                80.55274215455104,
                6.775587378958889
              ],
              [
                80.54995498116789,
                6.776198995505138
              ],
              [
                80.54649897120906,
                6.7767545697747
              ],
              [
                80.54432534660346,
                6.776419258731212
              ],
              [
                80.54181748268049,
                6.77569376521966
              ],
              [
                80.53971911995752,
                6.774739126508033
              ],
              [
                80.53964926088528,
                6.77473948546471
              ],
              [
                80.53793768959281,
                6.774265369908871
              ],
              [
                80.53546133019073,
                6.773681655302089
              ],
              [
                80.53378642018733,
                6.772734248180583
              ],
              [
                80.53251221979183,
                6.77164140358767
              ],
              [
                80.53129273762028,
                6.770384749989223
              ],
              [
                80.53034611947604,
                6.769728949522256
              ],
              [
                80.52907151667084,
                6.769473464065933
              ],
              [
                80.52695910822406,
                6.769472405438074
              ],
              [
                80.52550218277243,
                6.769653706415432
              ],
              [
                80.52247856222134,
                6.770999235519792
              ],
              [
                80.518871847901,
                6.772999773027528
              ],
              [
                80.51592082069111,
                6.774745777336442
              ],
              [
                80.51311963547256,
                6.776838646608197
              ],
              [
                80.51195053147926,
                6.777952984266235
              ],
              [
                80.51131296304541,
                6.778324296632024
              ],
              [
                80.5095600250021,
                6.7786419139105
              ],
              [
                80.50716985950767,
                6.778693711156502
              ],
              [
                80.50430175447173,
                6.778585953574049
              ],
              [
                80.50228315268699,
                6.779062678078112
              ],
              [
                80.49975942657102,
                6.780494791587323
              ],
              [
                80.49768721879167,
                6.781820959750825
              ],
              [
                80.49673103837961,
                6.782032792330761
              ],
              [
                80.4955626411066,
                6.781819755724221
              ],
              [
                80.49375726759615,
                6.780916138922167
              ],
              [
                80.49274803430006,
                6.781021746664274
              ],
              [
                80.49173861677893,
                6.781445912024663
              ],
              [
                80.49094140936091,
                6.782294944413765
              ],
              [
                80.49067543704264,
                6.782985003374844
              ],
              [
                80.49099341734801,
                6.784206333267647
              ],
              [
                80.49205488402725,
                6.785640465288389
              ],
              [
                80.49316974653352,
                6.786596786113026
              ],
              [
                80.49354115503372,
                6.78728721217565
              ],
              [
                80.49359366062856,
                6.788349108300747
              ],
              [
                80.49316815955025,
                6.789357636725049
              ],
              [
                80.49194583424907,
                6.790524985360946
              ],
              [
                80.49154682401829,
                6.791639713912339
              ],
              [
                80.49128047790634,
                6.792966891910433
              ],
              [
                80.49106693818196,
                6.794825032967591
              ],
              [
                80.49064142568977,
                6.795833558455998
              ],
              [
                80.48995054743617,
                6.796470276302572
              ],
              [
                80.48819719019545,
                6.797371838578573
              ],
              [
                80.48798457010729,
                6.797637180339385
              ],
              [
                80.48803721932984,
                6.79843360998673
              ],
              [
                80.48883365229415,
                6.798965008448438
              ],
              [
                80.48895206530307,
                6.799007696775115
              ],
              [
                80.49016128143832,
                6.799443621588556
              ],
              [
                80.49334826259927,
                6.799445464355888
              ],
              [
                80.49488839407725,
                6.7998710936124
              ],
              [
                80.49605641059259,
                6.800827439166566
              ],
              [
                80.49706481046873,
                6.802261531065235
              ],
              [
                80.49730311237538,
                6.803535905053764
              ],
              [
                80.49756803411606,
                6.804704107430325
              ],
              [
                80.49825789372731,
                6.805872550064103
              ],
              [
                80.49926657966277,
                6.806828798360527
              ],
              [
                80.49958474462397,
                6.807784656594225
              ],
              [
                80.49963723401872,
                6.808899645053438
              ],
              [
                80.49937107813251,
                6.809908267508267
              ],
              [
                80.49852077712974,
                6.81065109357893
              ],
              [
                80.49634280376198,
                6.810915324092713
              ],
              [
                80.49490817122792,
                6.811710903505523
              ],
              [
                80.49352622358526,
                6.81324981421412
              ],
              [
                80.49238296026898,
                6.81537288417828
              ],
              [
                80.49174431081747,
                6.817496243657102
              ],
              [
                80.49153066563649,
                6.819513662278893
              ],
              [
                80.4917421227121,
                6.821265861253834
              ],
              [
                80.49237834805415,
                6.823336865460305
              ],
              [
                80.49328035866661,
                6.825089463055495
              ],
              [
                80.49418258972909,
                6.826470406698398
              ],
              [
                80.49423518923795,
                6.827373021667431
              ],
              [
                80.49410204643887,
                6.827970243714413
              ],
              [
                80.49270692917831,
                6.829230402164581
              ],
              [
                80.4920425098222,
                6.829960048721746
              ],
              [
                80.49184296376156,
                6.83055723141074
              ],
              [
                80.49157651537459,
                6.832017139534912
              ],
              [
                80.4914434064296,
                6.832547994077633
              ],
              [
                80.49094723068903,
                6.832818123999802
              ],
              [
                80.48922480244607,
                6.832569561180029
              ],
              [
                80.48785202544275,
                6.831457489421713
              ],
              [
                80.48608653731881,
                6.830868129622976
              ],
              [
                80.48464782594435,
                6.830671169345296
              ],
              [
                80.4832089200957,
                6.83080104725115
              ],
              [
                80.4817041398916,
                6.831715303186757
              ],
              [
                80.4803304340548,
                6.832172054009514
              ],
              [
                80.47876079975563,
                6.832171102366392
              ],
              [
                80.47621050560512,
                6.831581229066599
              ],
              [
                80.47457579522866,
                6.831057276300285
              ],
              [
                80.4729407235803,
                6.831121633958118
              ],
              [
                80.47195946073413,
                6.831513235337492
              ],
              [
                80.47052010070153,
                6.83236212758408
              ],
              [
                80.4686232956048,
                6.832622411972781
              ],
              [
                80.46698842561668,
                6.832359907239751
              ],
              [
                80.4652225885166,
                6.832358787361699
              ],
              [
                80.46411055646067,
                6.832684920768047
              ],
              [
                80.46286730068032,
                6.833664651282912
              ],
              [
                80.46155893313295,
                6.834186757797087
              ],
              [
                80.45868117834823,
                6.834315633229699
              ],
              [
                80.45671934463981,
                6.833987512751887
              ],
              [
                80.45599988487868,
                6.834052410156055
              ],
              [
                80.45462576347472,
                6.83509740098893
              ],
              [
                80.45357907743212,
                6.83548892077781
              ],
              [
                80.45138820704857,
                6.835356732146908
              ],
              [
                80.44975285878216,
                6.835813219913621
              ],
              [
                80.448509347513,
                6.837119752813468
              ],
              [
                80.44791993830388,
                6.838295985900299
              ],
              [
                80.44837639031823,
                6.840322709281908
              ],
              [
                80.44844060590823,
                6.842087695805477
              ],
              [
                80.44817859959564,
                6.842675834141901
              ],
              [
                80.44732810030857,
                6.843067471098001
              ],
              [
                80.44503931666485,
                6.842608344836716
              ],
              [
                80.44222763107682,
                6.841691272508484
              ],
              [
                80.43921984028904,
                6.840643312357636
              ],
              [
                80.43653861860938,
                6.840249243489195
              ],
              [
                80.43359519574192,
                6.840704762135104
              ],
              [
                80.4304549579164,
                6.842009909017452
              ],
              [
                80.42751086490041,
                6.843380542997767
              ],
              [
                80.42633263122197,
                6.844752429192102
              ],
              [
                80.42564439512279,
                6.846843714149299
              ],
              [
                80.42485903897942,
                6.847562197465153
              ],
              [
                80.42394325262775,
                6.847757640271339
              ],
              [
                80.42335519281026,
                6.846972797462286
              ],
              [
                80.42178728056443,
                6.844553039865574
              ],
              [
                80.42087321694014,
                6.842395227218822
              ],
              [
                80.4201545549938,
                6.841348813323539
              ],
              [
                80.41917361651355,
                6.841217359594331
              ],
              [
                80.4182576483834,
                6.841674264279977
              ],
              [
                80.41734129305298,
                6.842654111362332
              ],
              [
                80.4160962762786,
                6.845856227356707
              ],
              [
                80.4145904064979,
                6.848012256674806
              ],
              [
                80.41334584396874,
                6.850560683385162
              ],
              [
                80.41170948207952,
                6.852259028533104
              ],
              [
                80.41057058461715,
                6.853318782543663
              ],
              [
                80.40926535350184,
                6.85437319083261
              ],
              [
                80.40820905172997,
                6.854806965447659
              ],
              [
                80.405599608071,
                6.855549965291631
              ],
              [
                80.40463628506238,
                6.856232129783706
              ],
              [
                80.40227448137843,
                6.858030690295971
              ],
              [
                80.40127941910276,
                6.859581967788285
              ],
              [
                80.40040930519282,
                6.860202113105275
              ],
              [
                80.39941529295666,
                6.860387588356226
              ],
              [
                80.3978010323807,
                6.859393025598656
              ],
              [
                80.39699492336663,
                6.857592026556816
              ],
              [
                80.39693411667552,
                6.855915772021615
              ],
              [
                80.39656195379743,
                6.855232582268928
              ],
              [
                80.39569257230647,
                6.8549214937402
              ],
              [
                80.39420159277196,
                6.85516865113933
              ],
              [
                80.39326985233248,
                6.855167917911094
              ],
              [
                80.39190398787258,
                6.854297695793231
              ],
              [
                80.39116007394202,
                6.85243465567598
              ],
              [
                80.39072634837437,
                6.851068514283766
              ],
              [
                80.38991934091996,
                6.850447056755911
              ],
              [
                80.38855275289116,
                6.850508050959752
              ],
              [
                80.38693695681418,
                6.851500067134497
              ],
              [
                80.38513365721327,
                6.853919805049619
              ],
              [
                80.38314368907025,
                6.856711873824279
              ],
              [
                80.38221159395314,
                6.857145690163316
              ],
              [
                80.38115571970378,
                6.857020669248826
              ],
              [
                80.37963483762343,
                6.855839879014638
              ],
              [
                80.37653144064788,
                6.852919500024182
              ],
              [
                80.37597255373262,
                6.852732795201511
              ],
              [
                80.37423300909829,
                6.853103848838743
              ],
              [
                80.37305255458831,
                6.853413278699767
              ],
              [
                80.37094124490133,
                6.85266654329562
              ],
              [
                80.3699477081789,
                6.852293224189325
              ],
              [
                80.36808413956814,
                6.852415825486326
              ],
              [
                80.36665475007683,
                6.853283764134394
              ],
              [
                80.36547350295874,
                6.854524397243424
              ],
              [
                80.36447712160337,
                6.857503466073886
              ],
              [
                80.3632331601211,
                6.859426935746634
              ],
              [
                80.36205247211895,
                6.85998466290897
              ],
              [
                80.36099649312796,
                6.859983760470167
              ],
              [
                80.35963083933851,
                6.858927205031202
              ],
              [
                80.35882434358172,
                6.857746964270457
              ],
              [
                80.35839044036909,
                6.856691206095275
              ],
              [
                80.35745907631606,
                6.856255833351579
              ],
              [
                80.35416742082452,
                6.855694249767935
              ],
              [
                80.3534848506179,
                6.854886597287828
              ],
              [
                80.35301219214945,
                6.854150346230558
              ],
              [
                80.35292656802241,
                6.854016970887604
              ],
              [
                80.3531138894656,
                6.852899668403196
              ],
              [
                80.3544198787155,
                6.851100442571847
              ],
              [
                80.35466952591666,
                6.849734867367756
              ],
              [
                80.35520234839056,
                6.844147997650283
              ],
              [
                80.35508011089598,
                6.841850877316221
              ],
              [
                80.35421191642588,
                6.840236006628597
              ],
              [
                80.35359175010278,
                6.839118001857195
              ],
              [
                80.35359282951197,
                6.83787637334219
              ],
              [
                80.35449751243965,
                6.833221046554687
              ],
              [
                80.35524555237264,
                6.830117618567392
              ],
              [
                80.35518537269655,
                6.827882632236061
              ],
              [
                80.35462754524325,
                6.826516356838058
              ],
              [
                80.35332464806702,
                6.824839027726657
              ],
              [
                80.3515863294669,
                6.823906294546334
              ],
              [
                80.35121485086039,
                6.822540178070357
              ],
              [
                80.35165141612752,
                6.820491868755187
              ],
              [
                80.35177709805163,
                6.818815777426377
              ],
              [
                80.35171633825918,
                6.81726368681411
              ],
              [
                80.35221511375474,
                6.815091267166994
              ],
              [
                80.35196764338917,
                6.813973584818729
              ],
              [
                80.35140983896193,
                6.812607306454534
              ],
              [
                80.350044010753,
                6.811923219973271
              ],
              [
                80.34849125801456,
                6.811921862731108
              ],
              [
                80.34662746323959,
                6.812478960393863
              ],
              [
                80.34439083842628,
                6.813221965431308
              ],
              [
                80.34246558691609,
                6.813034014659677
              ],
              [
                80.34078938752113,
                6.8121633826394
              ],
              [
                80.33991990208746,
                6.812100525137596
              ],
              [
                80.33644062033467,
                6.813339032103221
              ],
              [
                80.33463830088108,
                6.81457903289884
              ],
              [
                80.33333308179806,
                6.815571152250935
              ],
              [
                80.3316551940621,
                6.816562928287417
              ],
              [
                80.33000733183401,
                6.818672189552029
              ],
              [
                80.32919858119162,
                6.82009931953491
              ],
              [
                80.32851370553111,
                6.821899049439439
              ],
              [
                80.32764300477297,
                6.8231398751782
              ],
              [
                80.32689640788925,
                6.824504976030664
              ],
              [
                80.32658412980142,
                6.826367126707178
              ],
              [
                80.32608608710012,
                6.827608292433043
              ],
              [
                80.32403448929377,
                6.829655073728243
              ],
              [
                80.32207505695457,
                6.832757312004462
              ],
              [
                80.3203331686239,
                6.835673500576099
              ],
              [
                80.3187781829281,
                6.837969045072941
              ],
              [
                80.31796965697782,
                6.839085745154939
              ],
              [
                80.3166021058322,
                6.840201915341579
              ],
              [
                80.31573104516698,
                6.841753119956556
              ],
              [
                80.31367892774334,
                6.8442344166334
              ],
              [
                80.31215571044523,
                6.845722910779473
              ],
              [
                80.31072452310508,
                6.848391028528404
              ],
              [
                80.31014737091408,
                6.849290439418755
              ],
              [
                80.30972919820132,
                6.849942100334688
              ],
              [
                80.30811307769164,
                6.85112008465495
              ],
              [
                80.30631132686206,
                6.851552910574856
              ],
              [
                80.30395120459094,
                6.851302294944444
              ],
              [
                80.30208861087903,
                6.850431344136903
              ],
              [
                80.30004120505149,
                6.848008180086958
              ],
              [
                80.2960089369921,
                6.842789405225087
              ],
              [
                80.29297074711221,
                6.83738534786725
              ],
              [
                80.2919778692949,
                6.836453145240228
              ],
              [
                80.29092226234127,
                6.836141687766281
              ],
              [
                80.29030088660613,
                6.836389390861269
              ],
              [
                80.28980336270968,
                6.837009702734903
              ],
              [
                80.28862041302592,
                6.839802159368888
              ],
              [
                80.28597727896539,
                6.843089787168879
              ],
              [
                80.28572738072462,
                6.844517395320515
              ],
              [
                80.2857962386571,
                6.844752264806771
              ],
              [
                80.28603688278206,
                6.845573083054697
              ],
              [
                80.28671925833862,
                6.846442904156431
              ],
              [
                80.28920257243063,
                6.847687020457144
              ],
              [
                80.29137613533601,
                6.848123763271493
              ],
              [
                80.29243145864069,
                6.848745625837606
              ],
              [
                80.29317485125296,
                6.850732956555837
              ],
              [
                80.29311019870536,
                6.853278210566034
              ],
              [
                80.29267434042859,
                6.854333151945144
              ],
              [
                80.29108847770908,
                6.856256076042452
              ],
              [
                80.28866416708736,
                6.858053989244569
              ],
              [
                80.28481149175903,
                6.859540037775061
              ],
              [
                80.2826991151216,
                6.859972456160469
              ],
              [
                80.28158020688521,
                6.8607783654254
              ],
              [
                80.28070944069398,
                6.861894929758246
              ],
              [
                80.27952847242271,
                6.862638689323927
              ],
              [
                80.27785050756144,
                6.863444015102511
              ],
              [
                80.27586131375281,
                6.864869820453002
              ],
              [
                80.27393351514962,
                6.866978568345945
              ],
              [
                80.27225591504005,
                6.867411388795959
              ],
              [
                80.27008189941037,
                6.867347038510186
              ],
              [
                80.2691498903146,
                6.867594385231218
              ],
              [
                80.26758606875691,
                6.868956291519555
              ],
              [
                80.26694272282163,
                6.869516566918437
              ],
              [
                80.26538730712441,
                6.871873990550154
              ],
              [
                80.26296071350498,
                6.87565833714025
              ],
              [
                80.26115738201047,
                6.877456754847831
              ],
              [
                80.26102766741394,
                6.877521400371137
              ],
              [
                80.26003866389262,
                6.878014285673415
              ],
              [
                80.25873405578007,
                6.878137050642909
              ],
              [
                80.25687098807356,
                6.87770048690705
              ],
              [
                80.25531965238572,
                6.876208883553139
              ],
              [
                80.25383084699006,
                6.874344860309163
              ],
              [
                80.25265284033635,
                6.872294928428289
              ],
              [
                80.25165970976045,
                6.871610965974925
              ],
              [
                80.25097669356964,
                6.871361902217528
              ],
              [
                80.24973435556586,
                6.871360550564417
              ],
              [
                80.24830424137993,
                6.872662680488693
              ],
              [
                80.24724797948431,
                6.872909847214321
              ],
              [
                80.24637868132346,
                6.872598492543065
              ],
              [
                80.24476398077981,
                6.872286317156827
              ],
              [
                80.24389393251018,
                6.872657842036527
              ],
              [
                80.24265035703209,
                6.873773917808574
              ],
              [
                80.24202891078933,
                6.874021552662915
              ],
              [
                80.24115927058142,
                6.874020590235353
              ],
              [
                80.24022882353484,
                6.872840031406285
              ],
              [
                80.23985722550762,
                6.871846332843392
              ],
              [
                80.24016987797765,
                6.869984267983486
              ],
              [
                80.24088855460339,
                6.866073998797254
              ],
              [
                80.24064249875447,
                6.863900911915277
              ],
              [
                80.24058361650734,
                6.860983067031361
              ],
              [
                80.24008793205694,
                6.859865070632462
              ],
              [
                80.2389708913062,
                6.858932625935083
              ],
              [
                80.23704580574484,
                6.858495922900319
              ],
              [
                80.23670121674098,
                6.858487138858718
              ],
              [
                80.23449915680142,
                6.858430999523771
              ],
              [
                80.2326354958086,
                6.858615151494311
              ],
              [
                80.23139368420316,
                6.858179193057348
              ],
              [
                80.23046294015396,
                6.857309020026491
              ],
              [
                80.23002974847546,
                6.855880683946105
              ],
              [
                80.23015734107683,
                6.852900971704772
              ],
              [
                80.2307184689192,
                6.85103919342112
              ],
              [
                80.23065817379586,
                6.849425036394553
              ],
              [
                80.23022568668364,
                6.847375897784432
              ],
              [
                80.22997877256708,
                6.846009851872024
              ],
              [
                80.2299806624258,
                6.844333684333783
              ],
              [
                80.22979544292632,
                6.843340189959261
              ],
              [
                80.22961050408449,
                6.842098374400883
              ],
              [
                80.22961218415449,
                6.840608447554906
              ],
              [
                80.23092080939317,
                6.836823016280356
              ],
              [
                80.23291514261119,
                6.830803451370651
              ],
              [
                80.23291646238616,
                6.829623924759283
              ],
              [
                80.23261201014513,
                6.82920799469912
              ],
              [
                80.23223428094049,
                6.828691955488318
              ],
              [
                80.23117880869063,
                6.828318290833505
              ],
              [
                80.22906654078335,
                6.828750480920894
              ],
              [
                80.22661279868959,
                6.829058114737759
              ],
              [
                80.22450031335296,
                6.829676525012077
              ],
              [
                80.22307118908813,
                6.830171543233604
              ],
              [
                80.22226395483465,
                6.82998438280627
              ],
              [
                80.22170566253087,
                6.829362942975131
              ],
              [
                80.22133476894274,
                6.827810511852277
              ],
              [
                80.22183583664957,
                6.824148344354269
              ],
              [
                80.22196380969822,
                6.820858232443349
              ],
              [
                80.22227662331879,
                6.81887201759154
              ],
              [
                80.2235224174625,
                6.815707335128452
              ],
              [
                80.22352453280494,
                6.813844926412907
              ],
              [
                80.223276801334,
                6.813223841562796
              ],
              [
                80.22242671693651,
                6.812882844889492
              ],
              [
                80.22234558859523,
                6.812850301555959
              ],
              [
                80.22153831243698,
                6.812725222401465
              ],
              [
                80.2206677940218,
                6.813593355351692
              ],
              [
                80.2197337432016,
                6.815703020493404
              ],
              [
                80.218800466237,
                6.817129800412635
              ],
              [
                80.21699693329879,
                6.819176381901828
              ],
              [
                80.21668559839466,
                6.819858907257052
              ],
              [
                80.21643594361326,
                6.820913984979298
              ],
              [
                80.21649655241733,
                6.822217740613494
              ],
              [
                80.21717776501454,
                6.823956771854815
              ],
              [
                80.21705190084572,
                6.825384473593418
              ],
              [
                80.21618041975726,
                6.827059637883368
              ],
              [
                80.21499708542524,
                6.829851884433383
              ],
              [
                80.21462240732444,
                6.831589698260196
              ],
              [
                80.21375112105332,
                6.833078615713721
              ],
              [
                80.2133754986317,
                6.835623469474454
              ],
              [
                80.21318779364309,
                6.836802775836368
              ],
              [
                80.21261122640927,
                6.837205169208246
              ],
              [
                80.21256616812657,
                6.837236615878359
              ],
              [
                80.21175842189895,
                6.83748399803671
              ],
              [
                80.21039267987976,
                6.836861606102767
              ],
              [
                80.20902766767291,
                6.835618409739846
              ],
              [
                80.20753945805883,
                6.833505943548156
              ],
              [
                80.20679506658871,
                6.83269802933103
              ],
              [
                80.20598805559115,
                6.832324601651773
              ],
              [
                80.20412398221389,
                6.832943210858438
              ],
              [
                80.20319223722845,
                6.833004192494307
              ],
              [
                80.20213663656264,
                6.832754625395873
              ],
              [
                80.20176448267588,
                6.832319624637767
              ],
              [
                80.20139438841395,
                6.830146383272675
              ],
              [
                80.20077732508814,
                6.826731247274958
              ],
              [
                80.20099816781646,
                6.823813743474611
              ],
              [
                80.20205726962536,
                6.821083469465282
              ],
              [
                80.20224667803055,
                6.818476327192033
              ],
              [
                80.20193810983022,
                6.816799799381735
              ],
              [
                80.20119404553584,
                6.815743558673429
              ],
              [
                80.1996423459696,
                6.814872601706584
              ],
              [
                80.1990840272253,
                6.814313219163578
              ],
              [
                80.19840289271873,
                6.812574168188634
              ],
              [
                80.19741085088228,
                6.811145147780685
              ],
              [
                80.19660521377514,
                6.809654267418342
              ],
              [
                80.19623404275323,
                6.808412223703836
              ],
              [
                80.19679515884125,
                6.806612567963699
              ],
              [
                80.19673452808149,
                6.805370893599348
              ],
              [
                80.19661082951902,
                6.804936185749018
              ],
              [
                80.19474826390518,
                6.804375247121524
              ],
              [
                80.19400341708153,
                6.804001877757072
              ],
              [
                80.1935076699286,
                6.803070084284279
              ],
              [
                80.19350885773024,
                6.802076804283356
              ],
              [
                80.1928269401497,
                6.801020627690444
              ],
              [
                80.19164839220741,
                6.799777615317728
              ],
              [
                80.19065497787817,
                6.799528103785049
              ],
              [
                80.18984698951074,
                6.800023773855556
              ],
              [
                80.1887272666707,
                6.801512347766879
              ],
              [
                80.18798115557689,
                6.802194328860725
              ],
              [
                80.18530956295857,
                6.802998139183477
              ],
              [
                80.1840046287916,
                6.803555275966646
              ],
              [
                80.18251170452973,
                6.805477939284425
              ],
              [
                80.18195152333584,
                6.806470535933915
              ],
              [
                80.18182609515735,
                6.807463662198301
              ],
              [
                80.18216435511862,
                6.810195592496505
              ],
              [
                80.18222472046044,
                6.811623504862371
              ],
              [
                80.18198773187943,
                6.812523469361818
              ],
              [
                80.18153834002187,
                6.814230024392185
              ],
              [
                80.1808533953515,
                6.8156570253703
              ],
              [
                80.1793611800124,
                6.81695887564586
              ],
              [
                80.17911091339252,
                6.818448486078931
              ],
              [
                80.17861274127831,
                6.819503232452393
              ],
              [
                80.17786666370378,
                6.820123114031144
              ],
              [
                80.1762512802008,
                6.820555683059307
              ],
              [
                80.1753185621769,
                6.821423649344774
              ],
              [
                80.17410434594233,
                6.823905340448095
              ],
              [
                80.17285728634657,
                6.827814821822321
              ],
              [
                80.17111277445561,
                6.832158236284096
              ],
              [
                80.17067427641439,
                6.835137518066689
              ],
              [
                80.17035883051,
                6.839048148491096
              ],
              [
                80.16992295985348,
                6.839916720145878
              ],
              [
                80.16830649072072,
                6.841156290826466
              ],
              [
                80.1673116824016,
                6.841962078646687
              ],
              [
                80.16619131657187,
                6.843823060759394
              ],
              [
                80.1653828367504,
                6.844629078235027
              ],
              [
                80.16308270780047,
                6.846178164561159
              ],
              [
                80.1609065534439,
                6.847913634847557
              ],
              [
                80.15960147063981,
                6.848470691484843
              ],
              [
                80.15866985564485,
                6.848407424841767
              ],
              [
                80.15804944022855,
                6.847847917083925
              ],
              [
                80.1579275942538,
                6.845985374047517
              ],
              [
                80.15768017523418,
                6.845178023622461
              ],
              [
                80.15687350707522,
                6.844556197373086
              ],
              [
                80.15563197519522,
                6.843995892793343
              ],
              [
                80.15333381949357,
                6.843992944152937
              ],
              [
                80.15203034183158,
                6.843308392081416
              ],
              [
                80.15097571735001,
                6.842313760316603
              ],
              [
                80.1508527760911,
                6.841320329452168
              ],
              [
                80.15082291888598,
                6.840485473255386
              ],
              [
                80.15079282876559,
                6.839644105113236
              ],
              [
                80.15060745579657,
                6.838898911730066
              ],
              [
                80.14967658461703,
                6.838276914753069
              ],
              [
                80.14837328871576,
                6.837468195694727
              ],
              [
                80.14821881484748,
                6.836847200725393
              ],
              [
                80.14896463289548,
                6.836475688746447
              ],
              [
                80.15070358875441,
                6.836602093346238
              ],
              [
                80.15132502217678,
                6.836354576166843
              ],
              [
                80.15163645874206,
                6.835672102324088
              ],
              [
                80.15151367657779,
                6.83455451250865
              ],
              [
                80.15052158235831,
                6.833249564017176
              ],
              [
                80.14928048871433,
                6.832378848997443
              ],
              [
                80.14915634749114,
                6.832316609106957
              ],
              [
                80.14903268808875,
                6.831881892692151
              ],
              [
                80.149220625436,
                6.83064054501838
              ],
              [
                80.14959529360863,
                6.829089040467857
              ],
              [
                80.14947444092961,
                6.826481544003834
              ],
              [
                80.14891681507315,
                6.825425472150714
              ],
              [
                80.14643459619573,
                6.823746114058124
              ],
              [
                80.14230617323314,
                6.822312918246809
              ],
              [
                80.13876691813606,
                6.821563335922771
              ],
              [
                80.13795949814661,
                6.821562276325536
              ],
              [
                80.13628124021696,
                6.822553339931118
              ],
              [
                80.13466327996078,
                6.824910222833626
              ],
              [
                80.1336065123472,
                6.825591699007497
              ],
              [
                80.13279875716768,
                6.825838947098584
              ],
              [
                80.13106018071117,
                6.825464164970562
              ],
              [
                80.13012936264515,
                6.824842134595932
              ],
              [
                80.12895209600532,
                6.822729870987605
              ],
              [
                80.12870514930795,
                6.821612114457079
              ],
              [
                80.12870688774566,
                6.820308451265981
              ],
              [
                80.12908210562263,
                6.818384492074381
              ],
              [
                80.1295179409406,
                6.817578040700057
              ],
              [
                80.12964273648804,
                6.817143651337505
              ],
              [
                80.12846499126363,
                6.815403863101123
              ],
              [
                80.12716179459346,
                6.81459509494831
              ],
              [
                80.12592012918113,
                6.81422096096507
              ],
              [
                80.12411907693428,
                6.814156470875087
              ],
              [
                80.12312484687381,
                6.814527612733476
              ],
              [
                80.1222535786384,
                6.815830106428452
              ],
              [
                80.12150794456457,
                6.816077420220612
              ],
              [
                80.12088686142715,
                6.816076583725486
              ],
              [
                80.11744246039629,
                6.814147475322175
              ],
              [
                80.11576706259106,
                6.813027778425147
              ],
              [
                80.11322351979894,
                6.810913627947677
              ],
              [
                80.11303804385113,
                6.810292583757999
              ],
              [
                80.1130400756059,
                6.808802686922653
              ],
              [
                80.1136021698649,
                6.806506523347741
              ],
              [
                80.11403835501947,
                6.805451770747514
              ],
              [
                80.11596552085722,
                6.80408864468084
              ],
              [
                80.11664928353436,
                6.803655016458301
              ],
              [
                80.11658818634093,
                6.802909983229571
              ],
              [
                80.11621672521154,
                6.802040371306806
              ],
              [
                80.11534748782321,
                6.801852955635241
              ],
              [
                80.11286306279999,
                6.801973738307121
              ],
              [
                80.11162076553808,
                6.802096203851307
              ],
              [
                80.11056572080122,
                6.801536051457331
              ],
              [
                80.1093562632826,
                6.80035489443768
              ],
              [
                80.10823937463825,
                6.799608415580933
              ],
              [
                80.10681170399862,
                6.799047745087408
              ],
              [
                80.10519703523954,
                6.798983445977658
              ],
              [
                80.10494086490374,
                6.798795126300321
              ],
              [
                80.10426638868954,
                6.798299294213656
              ],
              [
                80.10302598836932,
                6.797056001769516
              ],
              [
                80.10265386951599,
                6.796683013525914
              ],
              [
                80.1020950910503,
                6.796558083231356
              ],
              [
                80.10134939435275,
                6.796867446932731
              ],
              [
                80.1003549297798,
                6.797424780709755
              ],
              [
                80.0999814340359,
                6.798045052997586
              ],
              [
                80.09966866322071,
                6.799658673363257
              ],
              [
                80.09886033625325,
                6.800340419627918
              ],
              [
                80.09786646723036,
                6.800463195173115
              ],
              [
                80.09637739662976,
                6.799405777616671
              ],
              [
                80.09488807222617,
                6.798534592574969
              ],
              [
                80.09383244895882,
                6.79840895802358
              ],
              [
                80.09165857555384,
                6.798530067709451
              ],
              [
                80.0906649721018,
                6.798466592332748
              ],
              [
                80.08911329419279,
                6.797781539740134
              ],
              [
                80.08812083321956,
                6.796911035603165
              ],
              [
                80.08756434150754,
                6.79517204154287
              ],
              [
                80.08657382121895,
                6.792935802735848
              ],
              [
                80.0862647027147,
                6.791942103838531
              ],
              [
                80.0865151418004,
                6.790514644020017
              ],
              [
                80.08838090681125,
                6.788654910718004
              ],
              [
                80.08838178230536,
                6.788034122975809
              ],
              [
                80.08782389502495,
                6.78728838984534
              ],
              [
                80.08577603864013,
                6.786168078267655
              ],
              [
                80.08329372986,
                6.784860906133288
              ],
              [
                80.08093749970377,
                6.782250246897477
              ],
              [
                80.08013289874775,
                6.780324657973324
              ],
              [
                80.07920533788929,
                6.777529789580711
              ],
              [
                80.07937197650921,
                6.774351486532235
              ],
              [
                80.07881813353976,
                6.770812399554132
              ],
              [
                80.07813735358825,
                6.769197468585942
              ],
              [
                80.07764154227598,
                6.768513931870772
              ],
              [
                80.07671042394912,
                6.768264300589752
              ],
              [
                80.0754680156304,
                6.768572900359874
              ],
              [
                80.07453645346422,
                6.768633641134616
              ],
              [
                80.07354154438282,
                6.769563343865654
              ],
              [
                80.07273381985831,
                6.769872560059458
              ],
              [
                80.0714291285234,
                6.770305209885242
              ],
              [
                80.0706831418368,
                6.770862812503836
              ],
              [
                80.07024755637767,
                6.771482937084865
              ],
              [
                80.07036987106981,
                6.772786694606101
              ],
              [
                80.07055401599654,
                6.774276767168412
              ],
              [
                80.07057316395314,
                6.774991135746048
              ],
              [
                80.07046682104529,
                6.776653410461829
              ],
              [
                80.06990935971154,
                6.778799908029678
              ],
              [
                80.0691445088396,
                6.780599765127303
              ],
              [
                80.06803367776304,
                6.782052779875376
              ],
              [
                80.06498075055768,
                6.784749786067693
              ],
              [
                80.06387131332973,
                6.785233042786833
              ],
              [
                80.06172294614767,
                6.785368438879115
              ],
              [
                80.05929780351536,
                6.785226348356919
              ],
              [
                80.05805017752463,
                6.785432317571106
              ],
              [
                80.05742600700033,
                6.785777737086769
              ],
              [
                80.05712614619321,
                6.786424664290243
              ],
              [
                80.05700890547803,
                6.786677601751655
              ],
              [
                80.05714494343229,
                6.788409492517995
              ],
              [
                80.05745330304633,
                6.790765045625498
              ],
              [
                80.0577268118564,
                6.793259082486071
              ],
              [
                80.05765485877664,
                6.795059934125991
              ],
              [
                80.05731998683488,
                6.796445627534219
              ],
              [
                80.05723652071057,
                6.796791007123163
              ],
              [
                80.05619337523588,
                6.799283099702684
              ],
              [
                80.05605303792989,
                6.800460440849186
              ],
              [
                80.05605139788969,
                6.801568719374465
              ],
              [
                80.05653433141212,
                6.803024052034976
              ],
              [
                80.05680988479021,
                6.804132740222459
              ],
              [
                80.05667016118026,
                6.804894476890318
              ],
              [
                80.05628830258522,
                6.805378785187824
              ],
              [
                80.05573278653424,
                6.806139906240133
              ],
              [
                80.05427597545321,
                6.807176760337424
              ],
              [
                80.05309686856556,
                6.807867684668751
              ],
              [
                80.05177730259798,
                6.809805211151729
              ],
              [
                80.05052692137652,
                6.811812103473474
              ],
              [
                80.05031664311691,
                6.813404940797002
              ],
              [
                80.05052340313445,
                6.814167191305687
              ],
              [
                80.05079915297216,
                6.815137347057956
              ],
              [
                80.0506586905102,
                6.81638395129167
              ],
              [
                80.0506034797654,
                6.817917774854109
              ],
              [
                80.05058638806169,
                6.818392598873161
              ],
              [
                80.0508623466024,
                6.819224220135831
              ],
              [
                80.05203890160494,
                6.82026498717708
              ],
              [
                80.05217667571631,
                6.820819332144164
              ],
              [
                80.05189792235356,
                6.821857928114757
              ],
              [
                80.05142802096933,
                6.823277209312274
              ],
              [
                80.0510785388018,
                6.825268125787995
              ],
              [
                80.04994993037742,
                6.82691153903462
              ],
              [
                80.04994958033005,
                6.827100518855083
              ],
              [
                80.0490357717586,
                6.827631477807413
              ],
              [
                80.04735358102728,
                6.82821346982306
              ],
              [
                80.04647505387189,
                6.829088923146521
              ],
              [
                80.04577806391796,
                6.830768357242097
              ],
              [
                80.04533813546959,
                6.831644468108323
              ],
              [
                80.04416730378844,
                6.832446410888906
              ],
              [
                80.04131491751254,
                6.83339193293352
              ],
              [
                80.04014451987273,
                6.833901607862958
              ],
              [
                80.0390463314362,
                6.834995904410123
              ],
              [
                80.03765595445738,
                6.83594362394275
              ],
              [
                80.03663085755895,
                6.837038025219649
              ],
              [
                80.03611691054846,
                6.838498526523814
              ],
              [
                80.03596813550189,
                6.840178778076199
              ],
              [
                80.03545451788267,
                6.841420085568474
              ],
              [
                80.03471207135333,
                6.842178841361833
              ],
              [
                80.03259903099776,
                6.844338277788149
              ],
              [
                80.03051154389512,
                6.846965376760815
              ],
              [
                80.0301435462299,
                6.848572221353681
              ],
              [
                80.02926404610467,
                6.850032147114216
              ],
              [
                80.02838533229476,
                6.850980622832076
              ],
              [
                80.02728809658554,
                6.851417309184037
              ],
              [
                80.0258994654893,
                6.851195963712861
              ],
              [
                80.02378025480003,
                6.850681221624984
              ],
              [
                80.0223184109101,
                6.850532816302613
              ],
              [
                80.0205636970742,
                6.850676205062556
              ],
              [
                80.01895461713688,
                6.851185135379187
              ],
              [
                80.01800484391573,
                6.850818326834281
              ],
              [
                80.01684345296242,
                6.849872178893894
              ],
              [
                80.01683668095922,
                6.84986666194214
              ],
              [
                80.016107946744,
                6.848404237935144
              ],
              [
                80.01537829619855,
                6.847526323307139
              ],
              [
                80.01428232758225,
                6.847159278446958
              ],
              [
                80.01223602405646,
                6.84679073124135
              ],
              [
                80.00850720118255,
                6.847150146614327
              ],
              [
                80.0058019318342,
                6.84743810022356
              ],
              [
                80.00458446410259,
                6.847340334888736
              ],
              [
                80.00116049182678,
                6.847065365794911
              ],
              [
                79.99977142378003,
                6.847136201487368
              ],
              [
                79.99845439975675,
                6.84786472191424
              ],
              [
                79.99618455707717,
                6.850126038040732
              ],
              [
                79.99559748836381,
                6.851513298829818
              ],
              [
                79.99552214012593,
                6.852901385443178
              ],
              [
                79.99522901696129,
                6.853339293317155
              ],
              [
                79.99486361760869,
                6.85326563900585
              ],
              [
                79.99442606159361,
                6.852607359090891
              ],
              [
                79.99369633040814,
                6.851802478772838
              ],
              [
                79.99281980262752,
                6.851362677456222
              ],
              [
                79.9920156676601,
                6.851361373403877
              ],
              [
                79.99054727774065,
                6.851638443725053
              ],
              [
                79.99048002569066,
                6.851651133388872
              ],
              [
                79.98652707585987,
                6.854932545261857
              ],
              [
                79.98367171454632,
                6.857558150631488
              ],
              [
                79.98213280188246,
                6.859820586071454
              ],
              [
                79.98161866348428,
                6.861281006668674
              ],
              [
                79.98188276213187,
                6.862813664513102
              ],
              [
                79.9821979622668,
                6.864642873599315
              ],
              [
                79.981758850249,
                6.864934403879416
              ],
              [
                79.98139332496393,
                6.864933801697778
              ],
              [
                79.9797120298649,
                6.864857964986887
              ],
              [
                79.9782504139163,
                6.864563296125367
              ],
              [
                79.9765676666468,
                6.865364204988237
              ],
              [
                79.97572933826726,
                6.865362814317473
              ],
              [
                79.97539798627771,
                6.86536226424632
              ],
              [
                79.9732787938901,
                6.864847298571275
              ],
              [
                79.97225617892062,
                6.864334152993816
              ],
              [
                79.97174578721132,
                6.863529607357211
              ],
              [
                79.97163978949709,
                6.8613375359277
              ],
              [
                79.9710612994494,
                6.857537287049401
              ],
              [
                79.97069956310598,
                6.855271725819577
              ],
              [
                79.97011656707522,
                6.854174805860469
              ],
              [
                79.96975300470505,
                6.853005188642467
              ],
              [
                79.96975520218015,
                6.851690055567124
              ],
              [
                79.97019772258766,
                6.84935277259939
              ],
              [
                79.97100562628617,
                6.847089160276119
              ],
              [
                79.97100781841671,
                6.845774026472246
              ],
              [
                79.97064450138745,
                6.844458284034182
              ],
              [
                79.97006115011769,
                6.843580554004805
              ],
              [
                79.96874703051755,
                6.842555478146574
              ],
              [
                79.96670104786969,
                6.842040617474018
              ],
              [
                79.96574213435808,
                6.842039012284497
              ],
              [
                79.96516592078729,
                6.84203804680293
              ],
              [
                79.96304438633807,
                6.842984305926465
              ],
              [
                79.95945995045405,
                6.844439527806215
              ],
              [
                79.95755881575494,
                6.844728565634377
              ],
              [
                79.95243934360366,
                6.846108067529558
              ],
              [
                79.950172817864,
                6.846323389395513
              ],
              [
                79.94710280044227,
                6.846172009324211
              ],
              [
                79.94363236621771,
                6.84507010534498
              ],
              [
                79.94187843914884,
                6.844774831753278
              ],
              [
                79.93990457901971,
                6.84484448496476
              ],
              [
                79.93588541097519,
                6.844033829285269
              ],
              [
                79.9333272578284,
                6.843810190067942
              ],
              [
                79.93149973431213,
                6.843807001625677
              ],
              [
                79.9303298638731,
                6.843951081877353
              ],
              [
                79.92850080270358,
                6.844824628534014
              ],
              [
                79.92513429465723,
                6.847010586156664
              ],
              [
                79.92125475265053,
                6.84992623176813
              ],
              [
                79.91949733007691,
                6.85160355072095
              ],
              [
                79.91737256362556,
                6.854303079354284
              ],
              [
                79.91597945061424,
                6.856638589042166
              ],
              [
                79.91447797492364,
                6.858243277944999
              ],
              [
                79.91381900408054,
                6.858826597785341
              ],
              [
                79.91279373156978,
                6.85984763377289
              ],
              [
                79.91198710892178,
                6.861234369163669
              ],
              [
                79.91125345349101,
                6.862694295481522
              ],
              [
                79.91074015434877,
                6.863570119222821
              ],
              [
                79.90905666856327,
                6.864736087014657
              ],
              [
                79.90766361319487,
                6.866998500988622
              ],
              [
                79.90656203688371,
                6.869772868967996
              ],
              [
                79.90568147936742,
                6.871597827011067
              ],
              [
                79.90406920279543,
                6.873786767170641
              ],
              [
                79.90180002655602,
                6.875390012197779
              ],
              [
                79.89997093298892,
                6.876190366061895
              ],
              [
                79.89880111573058,
                6.876261296724209
              ],
              [
                79.8966822672799,
                6.875599873641762
              ],
              [
                79.89408931587083,
                6.874353079715243
              ],
              [
                79.89299408506712,
                6.873620454788015
              ],
              [
                79.89027491295883,
                6.872731719789425
              ],
              [
                79.8895974645081,
                6.873278958381607
              ],
              [
                79.88876829727344,
                6.873994473616017
              ],
              [
                79.88785501807985,
                6.87542687446375
              ],
              [
                79.88718988395715,
                6.87697004550502
              ],
              [
                79.88630122611406,
                6.880002043041786
              ],
              [
                79.8861830771985,
                6.884193762743273
              ],
              [
                79.88675757301311,
                6.886897523139927
              ],
              [
                79.8872488774613,
                6.889821757741254
              ],
              [
                79.8880159405168,
                6.892856816611907
              ],
              [
                79.8888406537302,
                6.894568211489315
              ],
              [
                79.89010701236418,
                6.89622526412183
              ],
              [
                79.8922288629402,
                6.897883891301177
              ],
              [
                79.89333118838886,
                6.898713278192744
              ],
              [
                79.89382629644456,
                6.899596703565756
              ],
              [
                79.89398872540689,
                6.901306874118193
              ],
              [
                79.8943172420202,
                6.902741564394727
              ],
              [
                79.89475706054013,
                6.903680044854282
              ],
              [
                79.89519647457116,
                6.904839152993723
              ],
              [
                79.89525014523646,
                6.905666609066134
              ],
              [
                79.89486175981067,
                6.906769038103604
              ],
              [
                79.89392052020074,
                6.908366863041544
              ],
              [
                79.89298069957117,
                6.909192488173199
              ],
              [
                79.89171012037295,
                6.909796871932414
              ],
              [
                79.89021957998581,
                6.909959588407366
              ],
              [
                79.88859064510638,
                6.910342671850749
              ],
              [
                79.8873212886836,
                6.91028516063908
              ],
              [
                79.88638391683841,
                6.909787006806715
              ],
              [
                79.88539166155597,
                6.909123278270088
              ],
              [
                79.88390184384869,
                6.908899877397977
              ],
              [
                79.88296324314413,
                6.909063599021752
              ],
              [
                79.88114071808948,
                6.909666923387253
              ],
              [
                79.87931777547274,
                6.91049086707535
              ],
              [
                79.87821358986828,
                6.910654268592793
              ],
              [
                79.87808453003015,
                6.910614319436817
              ],
              [
                79.8754840163969,
                6.911884847971389
              ],
              [
                79.87380048316172,
                6.912937936907324
              ],
              [
                79.87230839327741,
                6.914375474462638
              ],
              [
                79.87124832976971,
                6.916005870263651
              ],
              [
                79.8704287542201,
                6.917492682903969
              ],
              [
                79.86994530342398,
                6.91907615379637
              ],
              [
                79.86979743337393,
                6.921044353530933
              ],
              [
                79.8692656567642,
                6.922771766223721
              ],
              [
                79.8686386068569,
                6.924066891651031
              ],
              [
                79.86765029956733,
                6.925841445701408
              ],
              [
                79.86668783769186,
                6.926655812797613
              ],
              [
                79.86447573238168,
                6.927707852265047
              ],
              [
                79.86274462535229,
                6.928472730708657
              ],
              [
                79.86024469227698,
                6.929284139748087
              ],
              [
                79.85933034984056,
                6.930050570045337
              ],
              [
                79.85798294610265,
                6.931152246270106
              ],
              [
                79.85721227114546,
                6.932159005397831
              ],
              [
                79.85682586739851,
                6.933214514652402
              ],
              [
                79.85682429289479,
                6.934030707299555
              ],
              [
                79.857158577725,
                6.935087604442391
              ],
              [
                79.85833172999735,
                6.937154358076123
              ],
              [
                79.86029470465687,
                6.940758996864241
              ],
              [
                79.86316931217993,
                6.945037540262018
              ],
              [
                79.86439129525176,
                6.946720285519394
              ],
              [
                79.86458155247054,
                6.947728892896497
              ],
              [
                79.86419597577415,
                6.948352305347195
              ],
              [
                79.86222224350453,
                6.950316995561039
              ],
              [
                79.86096986038196,
                6.951946982033688
              ],
              [
                79.86015017811825,
                6.953433762457516
              ],
              [
                79.85971543111204,
                6.954633213211696
              ],
              [
                79.8596659011046,
                6.95540130190574
              ],
              [
                79.86031103418695,
                6.957226981573735
              ],
              [
                79.86112443403015,
                6.959004973146745
              ],
              [
                79.86117053958004,
                6.960013303697537
              ],
              [
                79.86092844488736,
                6.960973067993164
              ],
              [
                79.86049507971035,
                6.96145234857324
              ],
              [
                79.85982165470264,
                6.961835142949113
              ],
              [
                79.85895594036882,
                6.962265576702163
              ],
              [
                79.85836053250064,
                6.962739648210349
              ],
              [
                79.85861067226624,
                6.96281149617972
              ],
              [
                79.85878401986942,
                6.962923913195835
              ],
              [
                79.85886477106972,
                6.963402964688305
              ],
              [
                79.85894445870451,
                6.964432234264788
              ],
              [
                79.85911786603377,
                6.964514082932021
              ],
              [
                79.85933234721013,
                6.96447374010861
              ],
              [
                79.85931259792864,
                6.964127266490278
              ],
              [
                79.85923208251293,
                6.963525944181375
              ],
              [
                79.85930386521328,
                6.963363054682932
              ],
              [
                79.85958987256514,
                6.963292281224774
              ],
              [
                79.86002896662983,
                6.96325237112548
              ],
              [
                79.86053933174112,
                6.963314490295254
              ],
              [
                79.86119259206683,
                6.963397262409079
              ],
              [
                79.86170297728525,
                6.963449190919436
              ],
              [
                79.86217244562698,
                6.963541797535135
              ],
              [
                79.86237749346317,
                6.963706579801716
              ],
              [
                79.86251974943038,
                6.963866231093097
              ],
              [
                79.86261630837572,
                6.96406563840182
              ],
              [
                79.86266143562874,
                6.964321868269784
              ],
              [
                79.86270085987334,
                6.964578086432394
              ],
              [
                79.8628999332742,
                6.964845995747282
              ],
              [
                79.86307653689445,
                6.964937407959202
              ],
              [
                79.86337874804904,
                6.96494937288311
              ],
              [
                79.86369811217777,
                6.964938601975234
              ],
              [
                79.8639376072745,
                6.964944754331809
              ],
              [
                79.86426243249356,
                6.965059218506691
              ],
              [
                79.86453014504025,
                6.965219110074206
              ],
              [
                79.86504113779031,
                6.965582022325288
              ],
              [
                79.86545085547384,
                6.966033370562521
              ],
              [
                79.86591164985641,
                6.966613954434108
              ],
              [
                79.86629882199605,
                6.966927760209632
              ],
              [
                79.86708088281176,
                6.967838164211534
              ],
              [
                79.86748477207813,
                6.968356914912298
              ],
              [
                79.86767978602128,
                6.96858326066285
              ],
              [
                79.86793547545177,
                6.969067575437511
              ],
              [
                79.86804834976351,
                6.969682534649468
              ],
              [
                79.86815028811954,
                6.970052713808314
              ],
              [
                79.86830901568986,
                6.970655952134991
              ],
              [
                79.86843902051703,
                6.971259559779261
              ],
              [
                79.8685404579715,
                6.971891572438498
              ],
              [
                79.86862538693904,
                6.972210490803599
              ],
              [
                79.8687106485911,
                6.972533306673922
              ],
              [
                79.86894340436352,
                6.973446907187276
              ],
              [
                79.86913758336631,
                6.974141103954841
              ],
              [
                79.86925577397002,
                6.974813472934739
              ],
              [
                79.8691242302911,
                6.975442000239603
              ],
              [
                79.86897096519063,
                6.976070485913341
              ],
              [
                79.86897946165507,
                6.976477152700353
              ],
              [
                79.86898042909009,
                6.976642883230562
              ],
              [
                79.86898852408939,
                6.978029676929286
              ],
              [
                79.86900797715121,
                6.981362609978311
              ],
              [
                79.8690625057377,
                6.981817492632735
              ],
              [
                79.86910709795391,
                6.982160821891622
              ],
              [
                79.86922222020463,
                6.982953087928404
              ],
              [
                79.86931064002442,
                6.983709274591979
              ],
              [
                79.86916818870294,
                6.984349694987487
              ],
              [
                79.86896095711022,
                6.985297522820102
              ],
              [
                79.86894546177358,
                6.985575177381534
              ],
              [
                79.87064433448839,
                6.986313073750921
              ],
              [
                79.87217194104238,
                6.987130868039872
              ],
              [
                79.87293496825407,
                6.987947200653274
              ],
              [
                79.87338895407967,
                6.99044362751076
              ],
              [
                79.874300532621,
                6.99355208430527
              ],
              [
                79.8750624072196,
                6.994979570852327
              ],
              [
                79.87648703592698,
                6.996357387588761
              ],
              [
                79.88107058114132,
                6.998505137649778
              ],
              [
                79.88383893798108,
                6.999976179001139
              ],
              [
                79.88378276865903,
                6.999976073009104
              ],
              [
                79.88485113437439,
                7.001356722346144
              ],
              [
                79.88686043957789,
                7.004885370600204
              ],
              [
                79.88931278087163,
                7.00734479681948
              ],
              [
                79.89390348330096,
                7.011759480103866
              ],
              [
                79.89673248934682,
                7.014974909511049
              ],
              [
                79.89767326915464,
                7.017242651287514
              ],
              [
                79.89949278930604,
                7.021274463144459
              ],
              [
                79.90049659365441,
                7.023542319038046
              ],
              [
                79.9017845588748,
                7.025464508000819
              ],
              [
                79.90373341474849,
                7.027734112053451
              ],
              [
                79.90511596586133,
                7.029624997601731
              ],
              [
                79.90650027462605,
                7.030571719601718
              ],
              [
                79.90958462097973,
                7.03208806861567
              ],
              [
                79.91128303559645,
                7.033538911071953
              ],
              [
                79.91216241734438,
                7.034988245759608
              ],
              [
                79.91260031639678,
                7.036688546767405
              ],
              [
                79.91303740799144,
                7.038829456569314
              ],
              [
                79.91372744435328,
                7.04046727537236
              ],
              [
                79.9150483369162,
                7.041665638773204
              ],
              [
                79.91816008748609,
                7.04547946391209
              ],
              [
                79.91973268095123,
                7.046867109660251
              ],
              [
                79.92092908889128,
                7.047246955331747
              ],
              [
                79.92206306707195,
                7.047311962349108
              ],
              [
                79.92344952449295,
                7.047125646936942
              ],
              [
                79.92436393491994,
                7.046483285589479
              ],
              [
                79.92452198407261,
                7.046372257744776
              ],
              [
                79.92534344775622,
                7.045051910642949
              ],
              [
                79.92635483272814,
                7.043228348445956
              ],
              [
                79.92780667165678,
                7.041720300604323
              ],
              [
                79.92913317386048,
                7.039834353781512
              ],
              [
                79.93045887142885,
                7.038389012722346
              ],
              [
                79.93115236971052,
                7.03813848020729
              ],
              [
                79.93260282060933,
                7.037385746942142
              ],
              [
                79.93386583549206,
                7.03575144761415
              ],
              [
                79.93544397192767,
                7.034054761858362
              ],
              [
                79.93632680991811,
                7.033615724443711
              ],
              [
                79.93765010949588,
                7.033492193500471
              ],
              [
                79.93941577855348,
                7.032614107725278
              ],
              [
                79.94124444495141,
                7.031736126176297
              ],
              [
                79.94203248993017,
                7.031454270836313
              ],
              [
                79.94310466253933,
                7.030826720041986
              ],
              [
                79.94367380964826,
                7.029631774083802
              ],
              [
                79.94468397451428,
                7.028437605476403
              ],
              [
                79.94745998840453,
                7.026239423720845
              ],
              [
                79.94909883461324,
                7.02580168757762
              ],
              [
                79.95061089996484,
                7.025804338142306
              ],
              [
                79.95130415080507,
                7.025679661777401
              ],
              [
                79.95275530651925,
                7.024486243681724
              ],
              [
                79.95363767293495,
                7.024298948783456
              ],
              [
                79.95483450244717,
                7.024426925214049
              ],
              [
                79.95548260702328,
                7.024580472079517
              ],
              [
                79.95590510824108,
                7.024680569194933
              ],
              [
                79.95691205525203,
                7.025311770662428
              ],
              [
                79.95873344895575,
                7.028588077093525
              ],
              [
                79.96049426493987,
                7.030479481604602
              ],
              [
                79.9610681633187,
                7.030839217150628
              ],
              [
                79.96150123086046,
                7.031110675202495
              ],
              [
                79.96206837247534,
                7.031048710529405
              ],
              [
                79.96276228344988,
                7.030546348051785
              ],
              [
                79.96421549502624,
                7.028156938408669
              ],
              [
                79.96503725068314,
                7.026584723797246
              ],
              [
                79.96636237348189,
                7.025391043120638
              ],
              [
                79.96756007818286,
                7.025015427421378
              ],
              [
                79.96872536192923,
                7.02517478754022
              ],
              [
                79.97067672954664,
                7.026185249692789
              ],
              [
                79.97287786232503,
                7.02851798169833
              ],
              [
                79.97413621428994,
                7.02952724994763
              ],
              [
                79.97544904058198,
                7.030066424709387
              ],
              [
                79.97552132945916,
                7.030096113448713
              ],
              [
                79.97823059635627,
                7.030037763848155
              ],
              [
                79.97974183357513,
                7.030543883753003
              ],
              [
                79.98093762919518,
                7.031301248471771
              ],
              [
                79.98326463604519,
                7.033760042897218
              ],
              [
                79.9852158637809,
                7.034896342255339
              ],
              [
                79.98893133846666,
                7.03597264203256
              ],
              [
                79.99038023630126,
                7.036100953362459
              ],
              [
                79.99170365121297,
                7.035914323442683
              ],
              [
                79.99296500474665,
                7.035161076221315
              ],
              [
                79.99451128791365,
                7.033558532424042
              ],
              [
                79.99690744008777,
                7.0323665354126
              ],
              [
                80.00062708479616,
                7.03092492211692
              ],
              [
                80.00277129778169,
                7.029669531462782
              ],
              [
                80.00378060290551,
                7.028915837555211
              ],
              [
                80.00447488547391,
                7.028161625526101
              ],
              [
                80.00480311557207,
                7.027183190310557
              ],
              [
                80.00485476585062,
                7.027029223309534
              ],
              [
                80.00504759248963,
                7.024700544841561
              ],
              [
                80.00542695262676,
                7.023882869655911
              ],
              [
                80.00675187384715,
                7.022752008046176
              ],
              [
                80.00839375341548,
                7.020425686813464
              ],
              [
                80.00934012888952,
                7.019608929324729
              ],
              [
                80.01060079874325,
                7.019233300513102
              ],
              [
                80.01129372706448,
                7.019297369731224
              ],
              [
                80.01286777726416,
                7.019929376786798
              ],
              [
                80.01374981788328,
                7.01993080239394
              ],
              [
                80.01471229552664,
                7.019749249164914
              ],
              [
                80.01507328588666,
                7.019681154595078
              ],
              [
                80.01563990554196,
                7.019933851684557
              ],
              [
                80.0165202212751,
                7.021005350592339
              ],
              [
                80.01752614190147,
                7.022328834053045
              ],
              [
                80.01897380089692,
                7.023212403192369
              ],
              [
                80.02209070765802,
                7.024318950712373
              ],
              [
                80.0247989601602,
                7.024889786663896
              ],
              [
                80.02738201400008,
                7.024956840122943
              ],
              [
                80.02965114867995,
                7.024330975294816
              ],
              [
                80.03122604307,
                7.02445935707029
              ],
              [
                80.03368219827445,
                7.025092690944448
              ],
              [
                80.03475326454516,
                7.025094375547427
              ],
              [
                80.03771691672955,
                7.023525368023911
              ],
              [
                80.03992421257378,
                7.02214399918674
              ],
              [
                80.0416903739561,
                7.020824878684517
              ],
              [
                80.0424478853563,
                7.01988186195021
              ],
              [
                80.04389989571507,
                7.017995726065164
              ],
              [
                80.04528850092643,
                7.016361271724457
              ],
              [
                80.0477803724205,
                7.014256416297425
              ],
              [
                80.04891636091551,
                7.012999237634899
              ],
              [
                80.04961042276024,
                7.012397558962874
              ],
              [
                80.04961058534406,
                7.01242758543446
              ],
              [
                80.05117731050858,
                7.012315467582057
              ],
              [
                80.05196262600943,
                7.011963836912098
              ],
              [
                80.05217383703211,
                7.011869265328673
              ],
              [
                80.05381864649674,
                7.010777330797579
              ],
              [
                80.05740767494136,
                7.008146166808831
              ],
              [
                80.0590533667317,
                7.006457238543541
              ],
              [
                80.05960228026142,
                7.005662104802023
              ],
              [
                80.05975271075415,
                7.004965862739605
              ],
              [
                80.0595554323597,
                7.003721867793389
              ],
              [
                80.05910867113198,
                7.002825729846409
              ],
              [
                80.05917920736955,
                7.002510848111071
              ],
              [
                80.05920893261396,
                7.002378151100004
              ],
              [
                80.06030471163913,
                7.002131070308726
              ],
              [
                80.06073114871133,
                7.002113963325203
              ],
              [
                80.06149977075489,
                7.002083128238536
              ],
              [
                80.06259464693147,
                7.002433015174875
              ],
              [
                80.06388778939402,
                7.003380172877452
              ],
              [
                80.06562860976538,
                7.004626487360418
              ],
              [
                80.0671216772702,
                7.005076458218938
              ],
              [
                80.06886325828357,
                7.005825283820189
              ],
              [
                80.0720974802211,
                7.007322546787736
              ],
              [
                80.07289340604295,
                7.007821210527065
              ],
              [
                80.07299239682234,
                7.008219341537824
              ],
              [
                80.0729840914995,
                7.008380493425347
              ],
              [
                80.07294112310436,
                7.009214224888371
              ],
              [
                80.07244201781613,
                7.010009450036158
              ],
              [
                80.07099686220796,
                7.010803264471625
              ],
              [
                80.07039801886802,
                7.011697834023466
              ],
              [
                80.07039690282119,
                7.012444051540276
              ],
              [
                80.0704938085763,
                7.014235122192704
              ],
              [
                80.07049157585007,
                7.015727557071926
              ],
              [
                80.07028942711842,
                7.017717172506198
              ],
              [
                80.07048666213842,
                7.019010913469723
              ],
              [
                80.07078385620646,
                7.020056064056751
              ],
              [
                80.07143012394991,
                7.020753500141392
              ],
              [
                80.07207676522343,
                7.021202196341987
              ],
              [
                80.0725735825435,
                7.021949156190884
              ],
              [
                80.07297096325124,
                7.022596471626668
              ],
              [
                80.0738670944026,
                7.022697301613574
              ],
              [
                80.0764063326838,
                7.022850316481153
              ],
              [
                80.07789991259769,
                7.023001772157976
              ],
              [
                80.07914526271954,
                7.022655376567266
              ],
              [
                80.08093885187307,
                7.021961548914662
              ],
              [
                80.08203518416317,
                7.021366185476066
              ],
              [
                80.08273228989759,
                7.021367209755328
              ],
              [
                80.0836282764588,
                7.021567516983064
              ],
              [
                80.0855691221521,
                7.022316580855072
              ],
              [
                80.08693858639522,
                7.022219085831118
              ],
              [
                80.08758568264729,
                7.022369274314023
              ],
              [
                80.08783428648219,
                7.022618377336068
              ],
              [
                80.0878829173397,
                7.023414417866575
              ],
              [
                80.08763198672793,
                7.024757250559469
              ],
              [
                80.08792965863736,
                7.02550390618836
              ],
              [
                80.08877535415536,
                7.026052367902913
              ],
              [
                80.08942216628978,
                7.026401546416098
              ],
              [
                80.0895706776612,
                7.026998739863853
              ],
              [
                80.08951856249013,
                7.028590603496395
              ],
              [
                80.0896158292806,
                7.030182684462419
              ],
              [
                80.08996301135656,
                7.031128403760102
              ],
              [
                80.09041007360558,
                7.031875275736615
              ],
              [
                80.0922508788019,
                7.032972408075021
              ],
              [
                80.09279717451163,
                7.033968162828399
              ],
              [
                80.09289568023559,
                7.034714527551165
              ],
              [
                80.09274557314853,
                7.035211791188918
              ],
              [
                80.0919981440029,
                7.035558943614395
              ],
              [
                80.09095179946185,
                7.036005156417509
              ],
              [
                80.09070195488098,
                7.036601770300351
              ],
              [
                80.09065150729714,
                7.037049429821185
              ],
              [
                80.09137223121894,
                7.037945943758662
              ],
              [
                80.09231681931334,
                7.038992026188344
              ],
              [
                80.09276309633093,
                7.040286124868808
              ],
              [
                80.09276042001349,
                7.04212680116746
              ],
              [
                80.09300780686875,
                7.043221618633646
              ],
              [
                80.09385187755788,
                7.044914278710341
              ],
              [
                80.0942485836992,
                7.046059060356475
              ],
              [
                80.09424713909951,
                7.047054020597787
              ],
              [
                80.09434413093015,
                7.048845093281907
              ],
              [
                80.0946905387539,
                7.050338038670829
              ],
              [
                80.09501298863687,
                7.051184223731592
              ],
              [
                80.09496247001944,
                7.051681631693786
              ],
              [
                80.09421378562715,
                7.052874501041302
              ],
              [
                80.09421291800103,
                7.053471477012766
              ],
              [
                80.09475981596172,
                7.054069247294279
              ],
              [
                80.09605265988516,
                7.055364570583627
              ],
              [
                80.09635028847958,
                7.056160971059718
              ],
              [
                80.09649802165981,
                7.057305391450624
              ],
              [
                80.0972929050558,
                7.058599991745631
              ],
              [
                80.09863542180875,
                7.059994877520719
              ],
              [
                80.09913167289585,
                7.061189548323671
              ],
              [
                80.09912944499463,
                7.062731737239064
              ],
              [
                80.099078137524,
                7.063776373983547
              ],
              [
                80.09795566694244,
                7.065167701028448
              ],
              [
                80.09785499012841,
                7.065913777242003
              ],
              [
                80.09799786082304,
                7.066286474913018
              ],
              [
                80.09810304475293,
                7.066560861164695
              ],
              [
                80.09874999032205,
                7.066860284187608
              ],
              [
                80.09994543675538,
                7.066663015813791
              ],
              [
                80.1020874077105,
                7.066218363974391
              ],
              [
                80.10303328868008,
                7.066418714196566
              ],
              [
                80.10358028401895,
                7.066966728255609
              ],
              [
                80.10377862032402,
                7.067563990487167
              ],
              [
                80.10362765317558,
                7.068658233767713
              ],
              [
                80.1032256178488,
                7.071194813307948
              ],
              [
                80.10327298469615,
                7.072886318470591
              ],
              [
                80.10352112145226,
                7.073483652327907
              ],
              [
                80.1043171205174,
                7.07403202336704
              ],
              [
                80.10919509581257,
                7.075680678872219
              ],
              [
                80.11068780231426,
                7.076578268329511
              ],
              [
                80.11213071530423,
                7.077475782941399
              ],
              [
                80.11431999558528,
                7.078822082546096
              ],
              [
                80.11755599809156,
                7.079523117984905
              ],
              [
                80.11926760570063,
                7.079712076886494
              ],
              [
                80.11995261584528,
                7.07952648065868
              ],
              [
                80.12094948452871,
                7.078906021842222
              ],
              [
                80.12250911807688,
                7.076482968974034
              ],
              [
                80.12331801054506,
                7.075777904768381
              ],
              [
                80.12350632394119,
                7.075613762466257
              ],
              [
                80.12462802460772,
                7.074744726464417
              ],
              [
                80.12668337208687,
                7.073939166830969
              ],
              [
                80.12842660712165,
                7.073755021440437
              ],
              [
                80.12960916945265,
                7.07388102430818
              ],
              [
                80.13048005761138,
                7.074317522783374
              ],
              [
                80.13253291509045,
                7.075315313442388
              ],
              [
                80.13371548340697,
                7.07544130633045
              ],
              [
                80.13502272200459,
                7.075443095628272
              ],
              [
                80.13626754138183,
                7.075569167237795
              ],
              [
                80.1374492633305,
                7.076317005555835
              ],
              [
                80.13894130613727,
                7.077749304758807
              ],
              [
                80.14031004163925,
                7.078310833957715
              ],
              [
                80.14105729394652,
                7.078125290148977
              ],
              [
                80.14130705307903,
                7.077565957785594
              ],
              [
                80.14093735314776,
                7.074767103489383
              ],
              [
                80.14124910655593,
                7.074394411819369
              ],
              [
                80.1421212721451,
                7.073898106514093
              ],
              [
                80.14349092600055,
                7.073775584691472
              ],
              [
                80.14601210876657,
                7.073716792888262
              ],
              [
                80.14831441832807,
                7.074403923162533
              ],
              [
                80.1505545691241,
                7.075028773960424
              ],
              [
                80.15155064574486,
                7.07496791582515
              ],
              [
                80.15181198761398,
                7.074831606217299
              ],
              [
                80.15285879839738,
                7.074285612626782
              ],
              [
                80.1535447011105,
                7.073415922590029
              ],
              [
                80.1540447621188,
                7.071861941166658
              ],
              [
                80.15442023880956,
                7.070369979595458
              ],
              [
                80.15442263242663,
                7.068566594386665
              ],
              [
                80.15448595389289,
                7.067758262712394
              ],
              [
                80.15492260151656,
                7.067074796702093
              ],
              [
                80.15560865350648,
                7.066080730663183
              ],
              [
                80.15579630430311,
                7.065396934443887
              ],
              [
                80.15579811487245,
                7.064028848478106
              ],
              [
                80.15579893773968,
                7.063406991194255
              ],
              [
                80.15613551599665,
                7.062927995221687
              ],
              [
                80.15623549668668,
                7.062785709042891
              ],
              [
                80.1572946160039,
                7.062103060896806
              ],
              [
                80.1581658414594,
                7.062290765165806
              ],
              [
                80.15922348453967,
                7.06272745618829
              ],
              [
                80.16028210989955,
                7.062417915575423
              ],
              [
                80.16302354377264,
                7.060493737152797
              ],
              [
                80.16377173507685,
                7.059561923522772
              ],
              [
                80.16402161830511,
                7.058878203627382
              ],
              [
                80.16371265291897,
                7.057136594859914
              ],
              [
                80.16371403241348,
                7.056079435585109
              ],
              [
                80.16424556554053,
                7.054214548807357
              ],
              [
                80.16518096944357,
                7.052909859238511
              ],
              [
                80.16624029597304,
                7.052040629810353
              ],
              [
                80.16723656584497,
                7.051793176020829
              ],
              [
                80.16804545074115,
                7.0520429659772
              ],
              [
                80.16922661174301,
                7.053226025151978
              ],
              [
                80.17090639659067,
                7.053912235283834
              ],
              [
                80.17227503120053,
                7.054535854419451
              ],
              [
                80.17333195462405,
                7.05553218682287
              ],
              [
                80.17445152854314,
                7.056217666991679
              ],
              [
                80.17750093618234,
                7.056781232907873
              ],
              [
                80.17893270724376,
                7.056720866995485
              ],
              [
                80.17999170415531,
                7.056100349189992
              ],
              [
                80.18067816077551,
                7.054733123674978
              ],
              [
                80.18118023501471,
                7.051500079155191
              ],
              [
                80.18217885681293,
                7.049387010715604
              ],
              [
                80.18311341808865,
                7.048704140759543
              ],
              [
                80.18386084577205,
                7.048331964328066
              ],
              [
                80.18498135950459,
                7.048271186081942
              ],
              [
                80.1864137294403,
                7.047713305999354
              ],
              [
                80.18716115327453,
                7.047341123925537
              ],
              [
                80.18809593707671,
                7.046471684575683
              ],
              [
                80.18940365087114,
                7.046038011431766
              ],
              [
                80.19002650015638,
                7.045727855440583
              ],
              [
                80.19049396576338,
                7.045230946619006
              ],
              [
                80.19124223346577,
                7.044174709366519
              ],
              [
                80.19230342455907,
                7.041750759812214
              ],
              [
                80.1932381875748,
                7.04088130827327
              ],
              [
                80.1944207757435,
                7.040944955230115
              ],
              [
                80.19566415241502,
                7.042190214431839
              ],
              [
                80.1967835800163,
                7.043000014049501
              ],
              [
                80.19815260672551,
                7.043312626589905
              ],
              [
                80.19989549220112,
                7.043314760625759
              ],
              [
                80.20313379563835,
                7.042074980228419
              ],
              [
                80.20412972835743,
                7.042076189654859
              ],
              [
                80.2048138281499,
                7.042574510610605
              ],
              [
                80.20530953156539,
                7.04444070405298
              ],
              [
                80.20574284115438,
                7.046431194463858
              ],
              [
                80.20605181127166,
                7.048297161275777
              ],
              [
                80.20630034562933,
                7.048670580569311
              ],
              [
                80.20710932702005,
                7.048858117860289
              ],
              [
                80.2076687204764,
                7.049542844166987
              ],
              [
                80.20766759233594,
                7.050475639393647
              ],
              [
                80.20729298155334,
                7.051407983526094
              ],
              [
                80.20654458441817,
                7.052588620807096
              ],
              [
                80.20623221677677,
                7.053521039010303
              ],
              [
                80.20635580636342,
                7.054267425610996
              ],
              [
                80.20741145290636,
                7.056383040740966
              ],
              [
                80.20778313289414,
                7.057875963957061
              ],
              [
                80.20852950687163,
                7.05837435649932
              ],
              [
                80.20964899588755,
                7.059184129637375
              ],
              [
                80.20977289193685,
                7.059681770326855
              ],
              [
                80.20952292318418,
                7.060489892868331
              ],
              [
                80.2088369138213,
                7.061546235006038
              ],
              [
                80.20871128893191,
                7.062478879699595
              ],
              [
                80.20895930595019,
                7.063287602414266
              ],
              [
                80.2098606358404,
                7.064345858256949
              ],
              [
                80.21122921168767,
                7.065093742317606
              ],
              [
                80.21178825504336,
                7.066089396985213
              ],
              [
                80.21172458386538,
                7.067270862827017
              ],
              [
                80.211288015086,
                7.067954388924471
              ],
              [
                80.21016677646624,
                7.068574903669473
              ],
              [
                80.20916995873996,
                7.069257752072506
              ],
              [
                80.20904470740972,
                7.069879464887635
              ],
              [
                80.20929122351264,
                7.071931913709358
              ],
              [
                80.20903958955877,
                7.074108133600657
              ],
              [
                80.20847685111646,
                7.076159603963806
              ],
              [
                80.20803958935545,
                7.077402802244014
              ],
              [
                80.20828761108017,
                7.07821152533794
              ],
              [
                80.20915799081784,
                7.079145373774803
              ],
              [
                80.21021505167927,
                7.080141632498449
              ],
              [
                80.21058788110442,
                7.080701759726093
              ],
              [
                80.21064892979912,
                7.081696815548652
              ],
              [
                80.21021226907281,
                7.082442525314352
              ],
              [
                80.21061479744225,
                7.084184229699944
              ],
              [
                80.21080049967212,
                7.085055063030675
              ],
              [
                80.21086154866205,
                7.08605011872084
              ],
              [
                80.21123438309264,
                7.086610245723182
              ],
              [
                80.21260279937341,
                7.087544689269754
              ],
              [
                80.21309946712884,
                7.088664641478238
              ],
              [
                80.21378244504791,
                7.090157935386969
              ],
              [
                80.21471436253681,
                7.091713713453374
              ],
              [
                80.21602069728844,
                7.092523701160214
              ],
              [
                80.2175768657657,
                7.09264993292482
              ],
              [
                80.2185727608181,
                7.092775492724671
              ],
              [
                80.2208738214343,
                7.094706007294368
              ],
              [
                80.22186957472779,
                7.09495593318261
              ],
              [
                80.22249225283102,
                7.094832297083193
              ],
              [
                80.22280410739016,
                7.094335173979601
              ],
              [
                80.22299204438316,
                7.093340412369723
              ],
              [
                80.22268321057886,
                7.091287893526033
              ],
              [
                80.22287077805666,
                7.090604063769302
              ],
              [
                80.22336887155716,
                7.090542465334715
              ],
              [
                80.22399095572814,
                7.090916318019524
              ],
              [
                80.22492232354963,
                7.092969569662321
              ],
              [
                80.22579298431786,
                7.093716831850452
              ],
              [
                80.22765933177713,
                7.09477619271227
              ],
              [
                80.22846796603358,
                7.095336818140263
              ],
              [
                80.22890279127357,
                7.096145751589905
              ],
              [
                80.2292749276419,
                7.097327730690378
              ],
              [
                80.23026960198374,
                7.098510436185239
              ],
              [
                80.23148209709724,
                7.099755580030371
              ],
              [
                80.23185453244113,
                7.100688811728448
              ],
              [
                80.23197788039187,
                7.101683940050485
              ],
              [
                80.23160268710191,
                7.103113793958079
              ],
              [
                80.23209941614435,
                7.104233729906241
              ],
              [
                80.23236624843103,
                7.104813007011113
              ],
              [
                80.23284458633539,
                7.105851446605912
              ],
              [
                80.23290597190518,
                7.106597756513326
              ],
              [
                80.23265521369014,
                7.10808994204999
              ],
              [
                80.23271594667227,
                7.109395929995314
              ],
              [
                80.23296322822753,
                7.110888694422477
              ],
              [
                80.23283741283298,
                7.112007905719721
              ],
              [
                80.23227413779435,
                7.11455689764448
              ],
              [
                80.23174314659163,
                7.116110941662726
              ],
              [
                80.23024696144955,
                7.117850416256672
              ],
              [
                80.22881302136112,
                7.119589958067102
              ],
              [
                80.22787770974415,
                7.120832589165537
              ],
              [
                80.22638149434046,
                7.122572048650122
              ],
              [
                80.22469702194437,
                7.125555008019105
              ],
              [
                80.22408386235189,
                7.126632841276919
              ],
              [
                80.22363643294406,
                7.12741934424592
              ],
              [
                80.22326074364324,
                7.129222304080473
              ],
              [
                80.2236325897203,
                7.130653032171576
              ],
              [
                80.22524886245968,
                7.132707097613475
              ],
              [
                80.22751878998386,
                7.134824115375053
              ],
              [
                80.22770439068248,
                7.135819316723185
              ],
              [
                80.2275164394214,
                7.136814077885235
              ],
              [
                80.22633131394362,
                7.138678271476614
              ],
              [
                80.22601920832936,
                7.139361952923474
              ],
              [
                80.22458451504187,
                7.141661150272159
              ],
              [
                80.22414670187075,
                7.14333966272437
              ],
              [
                80.22414529596472,
                7.144521201882707
              ],
              [
                80.22345969753565,
                7.145142250939762
              ],
              [
                80.22265009691765,
                7.145327846818962
              ],
              [
                80.22028340260219,
                7.146009072524955
              ],
              [
                80.21916197697361,
                7.146629593179246
              ],
              [
                80.21912863665385,
                7.146749746039911
              ],
              [
                80.21866172850363,
                7.148432395965294
              ],
              [
                80.21884783638585,
                7.148992295838925
              ],
              [
                80.22083815542007,
                7.150673709114116
              ],
              [
                80.22212830049803,
                7.151067576611616
              ],
              [
                80.2222696284679,
                7.151110722274334
              ],
              [
                80.2234841561149,
                7.150739050786846
              ],
              [
                80.22479244274136,
                7.150056555476009
              ],
              [
                80.22591305854026,
                7.150120070289779
              ],
              [
                80.22765591264128,
                7.150495249255408
              ],
              [
                80.22877520843622,
                7.151678110620001
              ],
              [
                80.22927936319734,
                7.152688188718748
              ],
              [
                80.22958269168296,
                7.153295907542897
              ],
              [
                80.22945589473292,
                7.155223536250362
              ],
              [
                80.22908129878742,
                7.156093704337952
              ],
              [
                80.22789708093826,
                7.157149475567537
              ],
              [
                80.22646336809119,
                7.158578065934638
              ],
              [
                80.22546547949591,
                7.160007168542997
              ],
              [
                80.22533977162148,
                7.161002000564146
              ],
              [
                80.22546192747502,
                7.162992107957859
              ],
              [
                80.22527358559363,
                7.164297796973255
              ],
              [
                80.22458714127269,
                7.165602893457838
              ],
              [
                80.22471085090429,
                7.166287089980543
              ],
              [
                80.22478267351084,
                7.166308703433505
              ],
              [
                80.22533325600953,
                7.166474388842312
              ],
              [
                80.22670325853628,
                7.166289455627907
              ],
              [
                80.22857173031606,
                7.165794175520796
              ],
              [
                80.23006566821876,
                7.166106869266964
              ],
              [
                80.23131107004276,
                7.165983961699273
              ],
              [
                80.23230822471125,
                7.165176709385798
              ],
              [
                80.23343070346057,
                7.163685550912841
              ],
              [
                80.23417814445499,
                7.163437679270286
              ],
              [
                80.23504930960087,
                7.163874001272045
              ],
              [
                80.23598143209036,
                7.165429748328058
              ],
              [
                80.23741231617595,
                7.166426395797617
              ],
              [
                80.23791049158454,
                7.166364787919721
              ],
              [
                80.23853391539977,
                7.16568146028733
              ],
              [
                80.23953192333043,
                7.164127954817393
              ],
              [
                80.24015505348234,
                7.163693370051302
              ],
              [
                80.24083965364204,
                7.163942906487961
              ],
              [
                80.24183384408128,
                7.16568527418838
              ],
              [
                80.24226796128137,
                7.167178249665042
              ],
              [
                80.24245259739973,
                7.169044056531028
              ],
              [
                80.24154287470832,
                7.175012908129049
              ],
              [
                80.24113492869621,
                7.175883358410093
              ],
              [
                80.24066901495257,
                7.176877491778571
              ],
              [
                80.24054837999148,
                7.177189670267306
              ],
              [
                80.24004449474869,
                7.178493616233098
              ],
              [
                80.24010517096909,
                7.179861787826007
              ],
              [
                80.24122370232418,
                7.181790861252815
              ],
              [
                80.24420812220977,
                7.185525488755077
              ],
              [
                80.24507819324684,
                7.186956777042588
              ],
              [
                80.24554354086273,
                7.188387599679428
              ],
              [
                80.24510646179644,
                7.189444267453976
              ],
              [
                80.2442327277144,
                7.191184483072203
              ],
              [
                80.24248703905727,
                7.193110249346653
              ],
              [
                80.2420503082385,
                7.193855981546048
              ],
              [
                80.24092553472704,
                7.197274931127358
              ],
              [
                80.23967809167227,
                7.199076888185808
              ],
              [
                80.23874190378338,
                7.200941389895682
              ],
              [
                80.23824194611603,
                7.202495466064339
              ],
              [
                80.23774125694698,
                7.204671403812337
              ],
              [
                80.23695977130778,
                7.207344502755533
              ],
              [
                80.23733236186462,
                7.208215546780715
              ],
              [
                80.2383902730252,
                7.208776458896098
              ],
              [
                80.2400092582323,
                7.208778344541482
              ],
              [
                80.2420004833523,
                7.209962196742303
              ],
              [
                80.24361796094567,
                7.211269982012876
              ],
              [
                80.24405298043456,
                7.212016720945993
              ],
              [
                80.24398934316105,
                7.2131981885351
              ],
              [
                80.24274164684438,
                7.215186709215967
              ],
              [
                80.24192946641753,
                7.217486662664799
              ],
              [
                80.2419279472013,
                7.218792573979232
              ],
              [
                80.24217558098397,
                7.220036587965072
              ],
              [
                80.2426100270947,
                7.221280818439805
              ],
              [
                80.24279488714541,
                7.222960063731994
              ],
              [
                80.2434471406484,
                7.22432891868785
              ],
              [
                80.24438084281783,
                7.2246409305452
              ],
              [
                80.24543944791866,
                7.224642152915697
              ],
              [
                80.2471769026599,
                7.223843765476599
              ],
              [
                80.24786930191269,
                7.223525594559302
              ],
              [
                80.24930317149962,
                7.222096951335921
              ],
              [
                80.24998985856382,
                7.220605263094225
              ],
              [
                80.25086349368789,
                7.218989413870382
              ],
              [
                80.2521099616646,
                7.218058037589278
              ],
              [
                80.25348032770977,
                7.217686476177263
              ],
              [
                80.25422700272551,
                7.218184814577696
              ],
              [
                80.25603086387432,
                7.219928076481369
              ],
              [
                80.2573365037327,
                7.221732957336802
              ],
              [
                80.25820702947959,
                7.222853294290246
              ],
              [
                80.2592030118066,
                7.223165346412394
              ],
              [
                80.26001246270037,
                7.223228441321837
              ],
              [
                80.26244220909027,
                7.222173988655945
              ],
              [
                80.26399925485529,
                7.221926977348415
              ],
              [
                80.26505785693534,
                7.221928153758569
              ],
              [
                80.2672991206744,
                7.222365942321608
              ],
              [
                80.2715023325317,
                7.222432755303711
              ],
              [
                80.27386964542411,
                7.221502544482526
              ],
              [
                80.2746175734626,
                7.22088149328872
              ],
              [
                80.27580274825418,
                7.219017182845641
              ],
              [
                80.27680110250141,
                7.21715266610578
              ],
              [
                80.2773618715728,
                7.216842340086979
              ],
              [
                80.27773542496841,
                7.216904930954667
              ],
              [
                80.27879226765315,
                7.218522926668677
              ],
              [
                80.27978792202272,
                7.219145867348776
              ],
              [
                80.28128234663001,
                7.2192096617664
              ],
              [
                80.28302638799553,
                7.21877622480039
              ],
              [
                80.28352428497453,
                7.219025504330326
              ],
              [
                80.28389717508354,
                7.219709956896865
              ],
              [
                80.28414352662645,
                7.222259875826329
              ],
              [
                80.2846410286592,
                7.222882274324694
              ],
              [
                80.28563690029908,
                7.223318643321006
              ],
              [
                80.28632128545459,
                7.223879052484287
              ],
              [
                80.2864445013455,
                7.225122918288448
              ],
              [
                80.28635087875504,
                7.226564077184063
              ],
              [
                80.28600541019681,
                7.227809510997881
              ],
              [
                80.28563718793495,
                7.229228162660908
              ],
              [
                80.28572769027801,
                7.230326873795818
              ],
              [
                80.28636840206795,
                7.231288844247921
              ],
              [
                80.28733018209071,
                7.232068052816953
              ],
              [
                80.28820082374284,
                7.232343631021255
              ],
              [
                80.28916333833365,
                7.232436202403617
              ],
              [
                80.29072233770343,
                7.231980094036198
              ],
              [
                80.29251134760653,
                7.230746035904501
              ],
              [
                80.29365774396774,
                7.230335258631899
              ],
              [
                80.29539917508538,
                7.230749062513987
              ],
              [
                80.29617857398111,
                7.230612549201838
              ],
              [
                80.29727908102089,
                7.23024749039978
              ],
              [
                80.29837906221053,
                7.230385960894845
              ],
              [
                80.29952478769538,
                7.23061602756029
              ],
              [
                80.30030413811475,
                7.230525282753105
              ],
              [
                80.30085448521561,
                7.230251197285734
              ],
              [
                80.30209297664457,
                7.229428511875983
              ],
              [
                80.30314759134077,
                7.229109166857372
              ],
              [
                80.30392740973973,
                7.228560658812676
              ],
              [
                80.30443252557801,
                7.227691437747914
              ],
              [
                80.30507463744141,
                7.227325889309556
              ],
              [
                80.30594565819682,
                7.227235228204052
              ],
              [
                80.30695433379574,
                7.227007378449336
              ],
              [
                80.30759644285882,
                7.226641826258095
              ],
              [
                80.30761884091274,
                7.226586072278939
              ],
              [
                80.30771980535643,
                7.226586174330187
              ],
              [
                80.30826746017067,
                7.225797911011961
              ],
              [
                80.30922177824279,
                7.225118644434864
              ],
              [
                80.31003976951685,
                7.224529935766839
              ],
              [
                80.31104027344138,
                7.223079778322499
              ],
              [
                80.3125408341137,
                7.221085933086829
              ],
              [
                80.31363164066397,
                7.220134699120566
              ],
              [
                80.31481285347401,
                7.219591694213813
              ],
              [
                80.31558482704054,
                7.219592466142053
              ],
              [
                80.31694663528133,
                7.220092664441402
              ],
              [
                80.31790011542257,
                7.220229660504957
              ],
              [
                80.31917187412876,
                7.219958828512083
              ],
              [
                80.3203978616584,
                7.220050740350702
              ],
              [
                80.32121484303244,
                7.220459689142495
              ],
              [
                80.3227111475703,
                7.22272861836827
              ],
              [
                80.32425327883365,
                7.224589446390917
              ],
              [
                80.32547856898854,
                7.225406930456805
              ],
              [
                80.32647734156392,
                7.225680001046889
              ],
              [
                80.32756733578174,
                7.225545016259169
              ],
              [
                80.3284306728113,
                7.225001666489247
              ],
              [
                80.33087954321566,
                7.222566522878578
              ],
              [
                80.3321299772815,
                7.220867135703588
              ],
              [
                80.33258533927653,
                7.219563785594626
              ],
              [
                80.33264357794289,
                7.218033307287656
              ],
              [
                80.33247520313442,
                7.216049119280953
              ],
              [
                80.33270318160208,
                7.21508566855603
              ],
              [
                80.33338471143048,
                7.214689517705238
              ],
              [
                80.3356553120009,
                7.214578317652337
              ],
              [
                80.33747143557572,
                7.214863480010227
              ],
              [
                80.33894671824942,
                7.215431745064855
              ],
              [
                80.33968376968811,
                7.216339426985462
              ],
              [
                80.34047823071633,
                7.216566923845474
              ],
              [
                80.34110277989113,
                7.216397453533399
              ],
              [
                80.34229618309321,
                7.214924727203682
              ],
              [
                80.34314836544449,
                7.214131915841731
              ],
              [
                80.3447383473153,
                7.213453165833619
              ],
              [
                80.34559025777344,
                7.212943782033621
              ],
              [
                80.34610212306853,
                7.211867214244873
              ],
              [
                80.3469539762613,
                7.211414514133814
              ],
              [
                80.34939558233437,
                7.210509791167315
              ],
              [
                80.3507585482859,
                7.20977412245838
              ],
              [
                80.35247010064741,
                7.20803258160102
              ],
              [
                80.35303784683327,
                7.207891385216829
              ],
              [
                80.35367621992646,
                7.208104544146611
              ],
              [
                80.354171651405,
                7.209451304428943
              ],
              [
                80.3545967814615,
                7.21008941717315
              ],
              [
                80.35544788619353,
                7.210444484493152
              ],
              [
                80.35707966291386,
                7.210587684182629
              ],
              [
                80.3592088136397,
                7.209951885550643
              ],
              [
                80.36226078412712,
                7.208820895510362
              ],
              [
                80.36339614660808,
                7.208680194116305
              ],
              [
                80.36403458980065,
                7.208822480590203
              ],
              [
                80.36481455857796,
                7.209390042488574
              ],
              [
                80.3656658603827,
                7.209532516163127
              ],
              [
                80.36680103529584,
                7.209604381397699
              ],
              [
                80.36793608522107,
                7.209817960544954
              ],
              [
                80.36928386867656,
                7.210173441097878
              ],
              [
                80.37034790659305,
                7.210457810299082
              ],
              [
                80.37176708194154,
                7.210317337319816
              ],
              [
                80.37283143203962,
                7.210247408860206
              ],
              [
                80.37410857775033,
                7.21024852150327
              ],
              [
                80.375882083961,
                7.210604353035866
              ],
              [
                80.37652065752819,
                7.210604905569071
              ],
              [
                80.37779841704302,
                7.209897423561285
              ],
              [
                80.37879193560858,
                7.20968570307501
              ],
              [
                80.37880781358196,
                7.209689946209294
              ],
              [
                80.37985597954655,
                7.209970050411994
              ],
              [
                80.38138133820891,
                7.210113072438406
              ],
              [
                80.38223289035322,
                7.209972081702269
              ],
              [
                80.3839364151455,
                7.209194085922793
              ],
              [
                80.3849299300291,
                7.208982351855153
              ],
              [
                80.38698767062249,
                7.208842370886107
              ],
              [
                80.38925933736238,
                7.207427104909844
              ],
              [
                80.39067950682401,
                7.206081976879294
              ],
              [
                80.39167407494571,
                7.204594773312252
              ],
              [
                80.39252720424146,
                7.202540580881602
              ],
              [
                80.39345033721519,
                7.201620182507494
              ],
              [
                80.39479888134375,
                7.201054425849595
              ],
              [
                80.39607629617821,
                7.200701182677596
              ],
              [
                80.39969515688432,
                7.20027898608524
              ],
              [
                80.40139810101357,
                7.200138649510584
              ],
              [
                80.40260461521892,
                7.199714471631911
              ],
              [
                80.40345654332897,
                7.199077429165213
              ],
              [
                80.40452280314102,
                7.196598229522233
              ],
              [
                80.4056601146481,
                7.193977365799127
              ],
              [
                80.40669248070091,
                7.192705812359319
              ],
              [
                80.40686745742256,
                7.19249029456093
              ],
              [
                80.40842987929,
                7.190578348462952
              ],
              [
                80.41009848805122,
                7.188949915263741
              ],
              [
                80.41151826017618,
                7.187959009365659
              ],
              [
                80.41162123916264,
                7.187894166153004
              ],
              [
                80.4116213548358,
                7.188090579528088
              ],
              [
                80.41243849669954,
                7.187827255640678
              ],
              [
                80.41360923273264,
                7.187213034063388
              ],
              [
                80.41410249982728,
                7.186536767794939
              ],
              [
                80.41447315767338,
                7.185122240388168
              ],
              [
                80.41459792587342,
                7.183092383556678
              ],
              [
                80.41515373677386,
                7.181185889081945
              ],
              [
                80.415956385406,
                7.178664447114086
              ],
              [
                80.41648157982465,
                7.1765118712529
              ],
              [
                80.41685222076892,
                7.175097340546587
              ],
              [
                80.41814742806217,
                7.172760814695942
              ],
              [
                80.41888783799735,
                7.171038996966066
              ],
              [
                80.41907369656485,
                7.169624321688384
              ],
              [
                80.41888968406184,
                7.168639959281719
              ],
              [
                80.41919815316243,
                7.167963543798348
              ],
              [
                80.42123202378862,
                7.16611968336074
              ],
              [
                80.4220334371379,
                7.16513607175858
              ],
              [
                80.42295853969846,
                7.163475899828629
              ],
              [
                80.42443826135207,
                7.161385547340824
              ],
              [
                80.42622549569273,
                7.159849045250676
              ],
              [
                80.42699632376771,
                7.15855783123225
              ],
              [
                80.42853847200931,
                7.155298745716578
              ],
              [
                80.42958666006122,
                7.15370016332275
              ],
              [
                80.43001919277707,
                7.151793552236991
              ],
              [
                80.43094410127968,
                7.150317902387029
              ],
              [
                80.43193592691047,
                7.148543655590149
              ],
              [
                80.43304083697372,
                7.146567095792598
              ],
              [
                80.43476774864862,
                7.143185091488372
              ],
              [
                80.4352932568197,
                7.140417344963176
              ],
              [
                80.43547990156928,
                7.137833892591202
              ],
              [
                80.43511169045078,
                7.136049717900484
              ],
              [
                80.43493957422771,
                7.135726807373488
              ],
              [
                80.43461968127959,
                7.135126648798816
              ],
              [
                80.43468207653487,
                7.134019442039415
              ],
              [
                80.43542258082111,
                7.131990018923589
              ],
              [
                80.4369643048874,
                7.129099978552046
              ],
              [
                80.4381981767574,
                7.126086681729227
              ],
              [
                80.43921666559906,
                7.122827169427625
              ],
              [
                80.44082013701122,
                7.119629586461868
              ],
              [
                80.4424226646173,
                7.117723792131541
              ],
              [
                80.44421005837313,
                7.115633579910089
              ],
              [
                80.44437737043718,
                7.115387246877377
              ],
              [
                80.44550464480605,
                7.113727555495812
              ],
              [
                80.4463067345777,
                7.111575124600378
              ],
              [
                80.44624610488565,
                7.11022177073038
              ],
              [
                80.4456314544375,
                7.108560456604524
              ],
              [
                80.44569333989007,
                7.108129901066126
              ],
              [
                80.44586711013997,
                7.108043264196759
              ],
              [
                80.44630937505018,
                7.107822763130063
              ],
              [
                80.44784917956171,
                7.107454756427571
              ],
              [
                80.44852730994464,
                7.106409488719168
              ],
              [
                80.44892840614398,
                7.105240998725946
              ],
              [
                80.44954460672206,
                7.104687799561101
              ],
              [
                80.45034525093281,
                7.104565326670557
              ],
              [
                80.45151512792161,
                7.104812192623655
              ],
              [
                80.4525622675123,
                7.104443829198783
              ],
              [
                80.45360995515462,
                7.10327577895356
              ],
              [
                80.45459618276762,
                7.101923141380381
              ],
              [
                80.45496672148884,
                7.100385538843158
              ],
              [
                80.45441502186131,
                7.096694308140948
              ],
              [
                80.45466256416096,
                7.094910564326382
              ],
              [
                80.45552590364261,
                7.093127239730768
              ],
              [
                80.45682000175812,
                7.091774805078633
              ],
              [
                80.45783021402416,
                7.091220669314246
              ],
              [
                80.4580520549808,
                7.091098981526766
              ],
              [
                80.45946871925739,
                7.090607821458659
              ],
              [
                80.46070088951748,
                7.089747447760079
              ],
              [
                80.46187168132997,
                7.088579458160467
              ],
              [
                80.46273436626083,
                7.087718832156495
              ],
              [
                80.46461310410906,
                7.086858876644584
              ],
              [
                80.46566055857012,
                7.085936852465213
              ],
              [
                80.46676946655164,
                7.085199409022906
              ],
              [
                80.468432259247,
                7.084954439060282
              ],
              [
                80.46954112064125,
                7.084278503017021
              ],
              [
                80.47071183687375,
                7.083172003673099
              ],
              [
                80.47095878936663,
                7.082187933564044
              ],
              [
                80.47059191064433,
                7.07818926219328
              ],
              [
                80.47083929849406,
                7.076528533938857
              ],
              [
                80.4714560307557,
                7.075052586810992
              ],
              [
                80.47355093333388,
                7.073085471965546
              ],
              [
                80.47564620988952,
                7.07050320281655
              ],
              [
                80.47712585154197,
                7.06767447659567
              ],
              [
                80.47743032190768,
                7.066634080234259
              ],
              [
                80.47716099575719,
                7.066656330180908
              ],
              [
                80.47668069422257,
                7.06610726689653
              ],
              [
                80.47626971105852,
                7.064529322826645
              ],
              [
                80.47654597594592,
                7.061991484357998
              ],
              [
                80.47654697602589,
                7.060413800843759
              ],
              [
                80.47586156316366,
                7.05849270778798
              ],
              [
                80.47483231760528,
                7.057394534864659
              ],
              [
                80.47387116952996,
                7.057188137743641
              ],
              [
                80.472566268151,
                7.057667468033724
              ],
              [
                80.47091791673827,
                7.058352358167713
              ],
              [
                80.47016266871601,
                7.058283275914713
              ],
              [
                80.46940759902323,
                7.057939812850016
              ],
              [
                80.46755500002267,
                7.055949356672793
              ],
              [
                80.46542736205068,
                7.054576067588027
              ],
              [
                80.46460391093164,
                7.053820982785826
              ],
              [
                80.46432962382153,
                7.053272043065606
              ],
              [
                80.46467410914047,
                7.05148880182858
              ],
              [
                80.46498367424394,
                7.050597271186396
              ],
              [
                80.4647100656581,
                7.049019408255285
              ],
              [
                80.46409242850507,
                7.048538837671557
              ],
              [
                80.46196415115973,
                7.048194457520934
              ],
              [
                80.4601795962629,
                7.04723294290172
              ],
              [
                80.45928768907038,
                7.046203424196536
              ],
              [
                80.45860172255672,
                7.045242636756305
              ],
              [
                80.45819113913058,
                7.04318451468736
              ],
              [
                80.45798630950756,
                7.04146950477501
              ],
              [
                80.45743808817129,
                7.039891454037881
              ],
              [
                80.4573019221284,
                7.038176489866713
              ],
              [
                80.45668513934099,
                7.036461202423817
              ],
              [
                80.45627401492372,
                7.035226217210774
              ],
              [
                80.45634359999084,
                7.033854365778918
              ],
              [
                80.45709959036738,
                7.032757355448846
              ],
              [
                80.45792382178962,
                7.032277743798784
              ],
              [
                80.45984641206624,
                7.032073242854554
              ],
              [
                80.4610828211664,
                7.031250924880025
              ],
              [
                80.46173576270658,
                7.030222432919184
              ],
              [
                80.46201112439977,
                7.029125095547142
              ],
              [
                80.46317922532408,
                7.027753966476127
              ],
              [
                80.46359185327965,
                7.026725313152094
              ],
              [
                80.46386729848679,
                7.025490784327173
              ],
              [
                80.46448639171862,
                7.023707720482154
              ],
              [
                80.46579254848953,
                7.021170558880494
              ],
              [
                80.4666175549828,
                7.019456220546565
              ],
              [
                80.46727182348117,
                7.019108138949744
              ],
              [
                80.4676477693074,
                7.018908128928762
              ],
              [
                80.46854040084314,
                7.01877151631872
              ],
              [
                80.47101210139819,
                7.018704511380916
              ],
              [
                80.47423968352408,
                7.017609046963186
              ],
              [
                80.47623181751224,
                7.015895427907521
              ],
              [
                80.47774355655679,
                7.013838523675723
              ],
              [
                80.47856906358734,
                7.011232425195105
              ],
              [
                80.4792571212248,
                7.008832024490704
              ],
              [
                80.48028827789062,
                7.006706215625379
              ],
              [
                80.48097546954342,
                7.005677713850861
              ],
              [
                80.48234912491138,
                7.004786824128235
              ],
              [
                80.48386012728733,
                7.003827419057219
              ],
              [
                80.48489095833538,
                7.00218176445828
              ],
              [
                80.48557522053923,
                7.000806828309321
              ],
              [
                80.48539230660805,
                6.999399017743798
              ],
              [
                80.48563796867325,
                6.998358693675186
              ],
              [
                80.48612850824149,
                6.997563335322355
              ],
              [
                80.48732342522248,
                6.996890811062948
              ],
              [
                80.48897813254413,
                6.995606516486458
              ],
              [
                80.48989771626546,
                6.994382980694212
              ],
              [
                80.49241163226745,
                6.990344989698701
              ],
              [
                80.49467994197414,
                6.987224904650765
              ],
              [
                80.49584473103661,
                6.985634273160609
              ],
              [
                80.49756045250257,
                6.984656003158663
              ],
              [
                80.49955209821648,
                6.983188250442062
              ],
              [
                80.50267778659676,
                6.980252229914025
              ],
              [
                80.50433260221999,
                6.978600649904115
              ],
              [
                80.50801064758012,
                6.973645155301677
              ],
              [
                80.51135135028063,
                6.969362692242591
              ],
              [
                80.51190354033056,
                6.967710473800951
              ],
              [
                80.51172069112944,
                6.96605785084637
              ],
              [
                80.51159865737779,
                6.965200920211639
              ],
              [
                80.51184424131347,
                6.964160578049494
              ],
              [
                80.51251849118299,
                6.963304084405083
              ],
              [
                80.51441778804251,
                6.962448257566798
              ],
              [
                80.51619457349484,
                6.961592356672963
              ],
              [
                80.51729777548644,
                6.960368859690784
              ],
              [
                80.51846333888668,
                6.957064437239157
              ],
              [
                80.5192297055345,
                6.9557183454612
              ],
              [
                80.52027150400666,
                6.95473962615846
              ],
              [
                80.52443855890142,
                6.951008337937377
              ],
              [
                80.52578719523038,
                6.948866877340344
              ],
              [
                80.52664514973122,
                6.948010456624956
              ],
              [
                80.52799310558694,
                6.947154286377319
              ],
              [
                80.53240490976964,
                6.943667866953282
              ],
              [
                80.53320159294707,
                6.942811402542556
              ],
              [
                80.5337842366653,
                6.941281577678425
              ],
              [
                80.53304982453926,
                6.940118319558777
              ],
              [
                80.53262144740941,
                6.939383647533878
              ],
              [
                80.5328057823285,
                6.938220851015787
              ],
              [
                80.5336646265532,
                6.935528275210523
              ],
              [
                80.5345847398879,
                6.93277452308168
              ],
              [
                80.53562657750395,
                6.931550947361616
              ],
              [
                80.54019129919169,
                6.92806452245178
              ],
              [
                80.5442348504513,
                6.925618283376235
              ],
              [
                80.54527650166686,
                6.924700708677535
              ],
              [
                80.54564454158447,
                6.923537992669639
              ],
              [
                80.5452776103842,
                6.922374927012322
              ],
              [
                80.54521677143894,
                6.921518030873928
              ],
              [
                80.54619699008963,
                6.920967653241212
              ],
              [
                80.54870758204493,
                6.922131727934788
              ],
              [
                80.55048370026408,
                6.922254966787725
              ],
              [
                80.55207647334096,
                6.921521246860342
              ],
              [
                80.55330178617783,
                6.920726148071961
              ],
              [
                80.5554463036624,
                6.918829777343823
              ],
              [
                80.55716240802387,
                6.916198745092002
              ],
              [
                80.55946016966692,
                6.913935194583631
              ],
              [
                80.56282982411659,
                6.911427283662698
              ],
              [
                80.56350395964992,
                6.910448300331578
              ],
              [
                80.56368815234065,
                6.909407897430962
              ],
              [
                80.56319885586194,
                6.907877561025956
              ],
              [
                80.56185201833846,
                6.906591667080384
              ],
              [
                80.56160738751386,
                6.905795895594276
              ],
              [
                80.56215897284324,
                6.904939269587499
              ],
              [
                80.56418062649833,
                6.903654850302219
              ],
              [
                80.56424213814361,
                6.903042827846526
              ],
              [
                80.56430370289286,
                6.902308395537434
              ],
              [
                80.56369186813667,
                6.900900415916324
              ],
              [
                80.56396856317363,
                6.898391134331795
              ],
              [
                80.56354044010567,
                6.897044439296216
              ],
              [
                80.56188794946729,
                6.894534313743019
              ],
              [
                80.56133724002109,
                6.893432382677713
              ],
              [
                80.56109269719985,
                6.892452995944391
              ],
              [
                80.5593176937568,
                6.890065217745945
              ],
              [
                80.55937920934291,
                6.889453195704342
              ],
              [
                80.55986942701605,
                6.888841363816393
              ],
              [
                80.56152334330496,
                6.888046429589037
              ],
              [
                80.56299317745582,
                6.888047073563397
              ],
              [
                80.56470832907677,
                6.887252154781518
              ],
              [
                80.5659945375391,
                6.887007890041627
              ],
              [
                80.56758698567147,
                6.886702547656845
              ],
              [
                80.56859775448035,
                6.886090928274021
              ],
              [
                80.56921062424875,
                6.885050703444016
              ],
              [
                80.56945645024707,
                6.883031042785891
              ],
              [
                80.5697017047665,
                6.882357891468136
              ],
              [
                80.57086579891812,
                6.881195486526592
              ],
              [
                80.57282590740083,
                6.880339435040582
              ],
              [
                80.57594943240329,
                6.879912287710094
              ],
              [
                80.57692928107733,
                6.879973892506683
              ],
              [
                80.57833757732078,
                6.880647718919573
              ],
              [
                80.57888868307498,
                6.880831556383701
              ],
              [
                80.5797460988628,
                6.880770696054856
              ],
              [
                80.58041988579807,
                6.880464940665274
              ],
              [
                80.58133885985661,
                6.879608436499224
              ],
              [
                80.58286998444538,
                6.879425427885134
              ],
              [
                80.58458500181277,
                6.878814050868058
              ],
              [
                80.58587170210183,
                6.877223220465855
              ],
              [
                80.58666817692392,
                6.876366657968681
              ],
              [
                80.58752560764859,
                6.876244578384842
              ],
              [
                80.58844411546954,
                6.876550956168537
              ],
              [
                80.58942337632037,
                6.878142661965834
              ],
              [
                80.59077042067408,
                6.878877633925565
              ],
              [
                80.59254618700501,
                6.879551557768645
              ],
              [
                80.59416917121428,
                6.879368547266827
              ],
              [
                80.5950264926789,
                6.879552479765569
              ],
              [
                80.5962512452561,
                6.879797750673818
              ],
              [
                80.59698583792758,
                6.880654890729181
              ],
              [
                80.59710767401053,
                6.882429882853621
              ],
              [
                80.59753621531736,
                6.882858474683873
              ],
              [
                80.59857711694646,
                6.883470903428062
              ],
              [
                80.60023062418706,
                6.883593909200632
              ],
              [
                80.60249697101756,
                6.882554229470498
              ],
              [
                80.60451878818037,
                6.880229145899821
              ],
              [
                80.60586679685221,
                6.878271050922289
              ],
              [
                80.60666349197,
                6.876679992832103
              ],
              [
                80.6087463384774,
                6.874844551955797
              ],
              [
                80.60978756932684,
                6.874477674207287
              ],
              [
                80.6118698423479,
                6.874294758132714
              ],
              [
                80.61450306610371,
                6.874785270888128
              ],
              [
                80.61738092643405,
                6.876316336011754
              ],
              [
                80.61854414774949,
                6.87747960766962
              ],
              [
                80.61927864114757,
                6.878765150572188
              ],
              [
                80.6201970592106,
                6.879438698976275
              ],
              [
                80.62099309182231,
                6.879806181297556
              ],
              [
                80.62129909114132,
                6.880479534393802
              ],
              [
                80.62123763687201,
                6.88115277189061
              ],
              [
                80.62062492259547,
                6.882070656251948
              ],
              [
                80.61964473064694,
                6.883049628233187
              ],
              [
                80.61949123403889,
                6.884273682476202
              ],
              [
                80.61948996605051,
                6.888252016579105
              ],
              [
                80.61997934840045,
                6.890027121225014
              ],
              [
                80.6209588970862,
                6.891129123711856
              ],
              [
                80.6213873908056,
                6.891802515219345
              ],
              [
                80.62132591556654,
                6.892536957509043
              ],
              [
                80.62095804625817,
                6.893822149357253
              ],
              [
                80.62016152388958,
                6.894923589603581
              ],
              [
                80.62016140072679,
                6.895311222025643
              ],
              [
                80.62016134886666,
                6.89547443567515
              ],
              [
                80.62083488061168,
                6.895964289945971
              ],
              [
                80.62224348046735,
                6.896025938049214
              ],
              [
                80.62573442548647,
                6.895965812838415
              ],
              [
                80.62800039158795,
                6.896211320728641
              ],
              [
                80.62922516900896,
                6.896578918643732
              ],
              [
                80.6305109572136,
                6.897742198412037
              ],
              [
                80.63118428655409,
                6.898966500014425
              ],
              [
                80.63148989794351,
                6.901047564753752
              ],
              [
                80.63204090549809,
                6.901720982900666
              ],
              [
                80.63295936775573,
                6.902455712571604
              ],
              [
                80.63430660269402,
                6.903006948776056
              ],
              [
                80.6358378386059,
                6.902640156479777
              ],
              [
                80.63736933108459,
                6.901355281993106
              ],
              [
                80.6387168415863,
                6.900927223366577
              ],
              [
                80.64000317245029,
                6.900254323347644
              ],
              [
                80.6405546629122,
                6.899213987404965
              ],
              [
                80.64043245989076,
                6.89817346594471
              ],
              [
                80.63991215115918,
                6.89719403985832
              ],
              [
                80.63874891500888,
                6.895724793243427
              ],
              [
                80.63819809303425,
                6.894378125766132
              ],
              [
                80.63819843561222,
                6.893154022346456
              ],
              [
                80.63862758737127,
                6.891562807402126
              ],
              [
                80.640649203827,
                6.889482389723835
              ],
              [
                80.64414057558947,
                6.88764717823245
              ],
              [
                80.6472644145924,
                6.885995460766326
              ],
              [
                80.6482445572342,
                6.885016431304021
              ],
              [
                80.64888798608003,
                6.883547671572576
              ],
              [
                80.65011363601104,
                6.880426517775811
              ],
              [
                80.6515229494528,
                6.877489022039994
              ],
              [
                80.65182943567838,
                6.876387404372615
              ],
              [
                80.65158480634659,
                6.87504082750371
              ],
              [
                80.650544301963,
                6.872653560443812
              ],
              [
                80.64980993528305,
                6.870572395340032
              ],
              [
                80.64984092977554,
                6.869103476884894
              ],
              [
                80.64996367619925,
                6.868063018527439
              ],
              [
                80.65033124512468,
                6.86757346956529
              ],
              [
                80.65259732008975,
                6.866900779840515
              ],
              [
                80.65388366004697,
                6.865738197296038
              ],
              [
                80.6546798914135,
                6.865309955257247
              ],
              [
                80.65547601742497,
                6.86531014885849
              ],
              [
                80.65700692646475,
                6.865738954463542
              ],
              [
                80.6592727252841,
                6.866167928085553
              ],
              [
                80.66135475000051,
                6.866841669987728
              ],
              [
                80.66349809061296,
                6.867209390270456
              ],
              [
                80.6661315092802,
                6.86690395083563
              ],
              [
                80.66698897261557,
                6.866475701714757
              ],
              [
                80.66711158754089,
                6.865863675384909
              ],
              [
                80.66619382830523,
                6.862007539616306
              ],
              [
                80.66509199724221,
                6.85980390458909
              ],
              [
                80.6639287441175,
                6.858457127732357
              ],
              [
                80.66245923065019,
                6.857416305112404
              ],
              [
                80.66206145392584,
                6.856192107978245
              ],
              [
                80.6621228330537,
                6.855580068732661
              ],
              [
                80.66249039386389,
                6.855029304509322
              ],
              [
                80.66347040001082,
                6.854233857044068
              ],
              [
                80.66389925223145,
                6.853438284137058
              ],
              [
                80.66445093632996,
                6.851051399382368
              ],
              [
                80.66445137385814,
                6.849092828440228
              ],
              [
                80.66488023335545,
                6.848236049043176
              ],
              [
                80.66641182154315,
                6.845359735134667
              ],
              [
                80.66782061176787,
                6.843891112718896
              ],
              [
                80.66941308003823,
                6.842544935791246
              ],
              [
                80.67097475397553,
                6.841994416868843
              ],
              [
                80.67268954324508,
                6.841321513577632
              ],
              [
                80.67458827473665,
                6.839485738844263
              ],
              [
                80.67697680317323,
                6.838078490685453
              ],
              [
                80.67777302803009,
                6.837344181875076
              ],
              [
                80.6781406163353,
                6.836487377793487
              ],
              [
                80.67832460005188,
                6.835079689149894
              ],
              [
                80.6786921501061,
                6.834406500756298
              ],
              [
                80.6794270593418,
                6.834039409622046
              ],
              [
                80.68071306104622,
                6.833856037995279
              ],
              [
                80.68163168875718,
                6.833427772703606
              ],
              [
                80.682734148481,
                6.832326279971303
              ],
              [
                80.68463265125926,
                6.831347339940419
              ],
              [
                80.68665353202951,
                6.830858057372305
              ],
              [
                80.68849061595722,
                6.830858378063807
              ],
              [
                80.68898056811408,
                6.830491229788907
              ],
              [
                80.68916447570707,
                6.829328357976923
              ],
              [
                80.68888910342329,
                6.828226612800919
              ],
              [
                80.68901172212314,
                6.827369757628929
              ],
              [
                80.68980802539883,
                6.825962168222137
              ],
              [
                80.6904204218249,
                6.825717450017592
              ],
              [
                80.69237991698542,
                6.825962598090491
              ],
              [
                80.693359735012,
                6.825656730972644
              ],
              [
                80.6939721885369,
                6.825044775492065
              ],
              [
                80.69427859170862,
                6.82363709917769
              ],
              [
                80.69348306014496,
                6.820393081184578
              ],
              [
                80.69268719816348,
                6.819230047625537
              ],
              [
                80.69054424253767,
                6.817699555358859
              ],
              [
                80.68974832968601,
                6.81690374979051
              ],
              [
                80.68968727219139,
                6.815863246364239
              ],
              [
                80.69069792465123,
                6.814149663510735
              ],
              [
                80.69241285908683,
                6.811824139525341
              ],
              [
                80.69498519077709,
                6.808580663362911
              ],
              [
                80.6970060889161,
                6.807295664182
              ],
              [
                80.69878197049549,
                6.806500263595083
              ],
              [
                80.70080278709284,
                6.805643686849058
              ],
              [
                80.70202755199041,
                6.804909398595687
              ],
              [
                80.70288504729128,
                6.803256972212439
              ],
              [
                80.70484472911738,
                6.801543492124646
              ],
              [
                80.70711047643833,
                6.800442100168709
              ],
              [
                80.70818206579618,
                6.80025862536105
              ],
              [
                80.71014149090362,
                6.800320084065117
              ],
              [
                80.7116111038357,
                6.80001424102147
              ],
              [
                80.71210100709203,
                6.799647068319517
              ],
              [
                80.71246849775609,
                6.798851441316261
              ],
              [
                80.71344833671976,
                6.79781106585125
              ],
              [
                80.71467307719713,
                6.796954333890631
              ],
              [
                80.71761232999192,
                6.795852971035682
              ],
              [
                80.72134752930725,
                6.795241318115679
              ],
              [
                80.72306208336119,
                6.794568232068912
              ],
              [
                80.72428678676955,
                6.793833886636595
              ],
              [
                80.72796078078711,
                6.792671326324156
              ],
              [
                80.73047131255174,
                6.792120696226244
              ],
              [
                80.73307363665454,
                6.792182116242506
              ],
              [
                80.73466561714778,
                6.792610679621363
              ],
              [
                80.73668627333676,
                6.792304801937427
              ],
              [
                80.73735980892283,
                6.79242726131314
              ],
              [
                80.73809456343612,
                6.792733340759842
              ],
              [
                80.73925791400896,
                6.793406681491048
              ],
              [
                80.73962525801994,
                6.794079967370093
              ],
              [
                80.73974763215888,
                6.795426498238491
              ],
              [
                80.7399925067918,
                6.796222186851692
              ],
              [
                80.74048234535194,
                6.796467040987946
              ],
              [
                80.74133958707559,
                6.796528301074021
              ],
              [
                80.7421968439532,
                6.79634473733279
              ],
              [
                80.74336033082847,
                6.794937078471534
              ],
              [
                80.74452381436848,
                6.793468211119836
              ],
              [
                80.74574851226235,
                6.79218296091318
              ],
              [
                80.7467282317989,
                6.791815778853461
              ],
              [
                80.74819778158674,
                6.791815852369027
              ],
              [
                80.74923869849557,
                6.792121929709628
              ],
              [
                80.75040209013932,
                6.792183187846189
              ],
              [
                80.75125932043133,
                6.79236684155404
              ],
              [
                80.75187159594174,
                6.793284950876554
              ],
              [
                80.75242262759473,
                6.794570290489964
              ],
              [
                80.75327985822648,
                6.794876351793773
              ],
              [
                80.75413710105599,
                6.794876383646637
              ],
              [
                80.75536175021314,
                6.794386781815167
              ],
              [
                80.75662926276806,
                6.793774767027652
              ],
              [
                80.75961738162366,
                6.79289349028425
              ],
              [
                80.76221360085734,
                6.792452867834936
              ],
              [
                80.76534865121423,
                6.791963274358856
              ],
              [
                80.76662226101217,
                6.792012253881105
              ],
              [
                80.76706312287587,
                6.792355009649832
              ],
              [
                80.76735702482102,
                6.793285337422645
              ],
              [
                80.76769991070039,
                6.794509452227427
              ],
              [
                80.76863062895634,
                6.794803245872439
              ],
              [
                80.76985526125702,
                6.794852216582799
              ],
              [
                80.77088395382329,
                6.794166716813208
              ],
              [
                80.77205959929123,
                6.793921895025482
              ],
              [
                80.77284336300113,
                6.79406878724897
              ],
              [
                80.77370855322508,
                6.794558985394037
              ],
              [
                80.77465582348303,
                6.795243926959713
              ],
              [
                80.77534161793315,
                6.795194957834595
              ],
              [
                80.77632132098441,
                6.794803233729778
              ],
              [
                80.77744797648741,
                6.794264612502523
              ],
              [
                80.77781212350048,
                6.794243926641688
              ],
              [
                80.77967748290382,
                6.793693001645088
              ],
              [
                80.78066177584304,
                6.793146380657456
              ],
              [
                80.78104454623086,
                6.792435788470885
              ],
              [
                80.78098984716149,
                6.791615883765501
              ],
              [
                80.77907589788113,
                6.789320180350362
              ],
              [
                80.77836499399542,
                6.787516397684899
              ],
              [
                80.77814624027593,
                6.785821928355874
              ],
              [
                80.77820090313337,
                6.78434609683517
              ],
              [
                80.77880238687656,
                6.782760936727587
              ],
              [
                80.77880236929413,
                6.781558407790437
              ],
              [
                80.77858362449807,
                6.780410542349396
              ],
              [
                80.77771416954228,
                6.779514123132935
              ],
              [
                80.7758768489632,
                6.778508390761473
              ],
              [
                80.77513317261233,
                6.777939928250917
              ],
              [
                80.77505279427665,
                6.777784258550746
              ],
              [
                80.77490047433217,
                6.777692903554176
              ],
              [
                80.77415830250149,
                6.776833890452123
              ],
              [
                80.7736046374395,
                6.776487987152701
              ],
              [
                80.77255678490542,
                6.77620915592747
              ],
              [
                80.77009592488045,
                6.7751158590226
              ],
              [
                80.76939971602896,
                6.774711119080581
              ],
              [
                80.76926540199896,
                6.774593638132037
              ],
              [
                80.76901054991562,
                6.774370725459474
              ],
              [
                80.76735659402588,
                6.773592675461504
              ],
              [
                80.76638367785338,
                6.773446783644379
              ],
              [
                80.76516752641815,
                6.773787160417051
              ],
              [
                80.7642432511761,
                6.773981656590708
              ],
              [
                80.76254064739508,
                6.773787117947379
              ],
              [
                80.76166501401602,
                6.774127492252852
              ],
              [
                80.7614217740035,
                6.774613760894264
              ],
              [
                80.76099464998836,
                6.775389067268631
              ],
              [
                80.7597446376504,
                6.777497535393796
              ],
              [
                80.75837744680813,
                6.778981257031171
              ],
              [
                80.75740089193734,
                6.779527876616456
              ],
              [
                80.75638528556564,
                6.779684030586701
              ],
              [
                80.75552594064993,
                6.779371632777034
              ],
              [
                80.75396353596882,
                6.777770682266657
              ],
              [
                80.75201051410775,
                6.776521127173752
              ],
              [
                80.75107308651235,
                6.775466839625635
              ],
              [
                80.75081694626259,
                6.774662047986276
              ],
              [
                80.75135207868856,
                6.774029914880545
              ],
              [
                80.75208177746148,
                6.773786808043162
              ],
              [
                80.7531033377511,
                6.773884102976588
              ],
              [
                80.75388166882881,
                6.773981386900365
              ],
              [
                80.7545627186544,
                6.773786901919324
              ],
              [
                80.75490325682767,
                6.773300640081867
              ],
              [
                80.75507354314934,
                6.77254692163273
              ],
              [
                80.75502494413968,
                6.77118535341535
              ],
              [
                80.75512228690152,
                6.769677907974957
              ],
              [
                80.7556087837436,
                6.768413612380156
              ],
              [
                80.75570611291101,
                6.767246558351031
              ],
              [
                80.75507379287295,
                6.765252814223753
              ],
              [
                80.75400365131641,
                6.763891209503415
              ],
              [
                80.75176605700985,
                6.762140536773402
              ],
              [
                80.75050134042515,
                6.761070680598194
              ],
              [
                80.74894481002953,
                6.758979632155393
              ],
              [
                80.74743688871271,
                6.757861129097979
              ],
              [
                80.7464640176408,
                6.757569315229118
              ],
              [
                80.74563705965888,
                6.757666526471424
              ],
              [
                80.7447128019641,
                6.757958240531274
              ],
              [
                80.74281561002287,
                6.759027934470038
              ],
              [
                80.74150213508338,
                6.760243539685688
              ],
              [
                80.74004274806985,
                6.761021485263878
              ],
              [
                80.73809692620183,
                6.761556256121664
              ],
              [
                80.73576196742113,
                6.761750598862661
              ],
              [
                80.73461880785071,
                6.761872081577356
              ],
              [
                80.73111629578892,
                6.762990231981199
              ],
              [
                80.72990016287551,
                6.76313601118544
              ],
              [
                80.72771116319257,
                6.762941308693029
              ],
              [
                80.72586272467179,
                6.762260354739607
              ],
              [
                80.72362519649313,
                6.760947199524035
              ],
              [
                80.72148499949957,
                6.759342279775477
              ],
              [
                80.72094992583388,
                6.759196342140706
              ],
              [
                80.7203661926881,
                6.759196280947564
              ],
              [
                80.71953919570225,
                6.759585212127628
              ],
              [
                80.71910138498816,
                6.759682419792822
              ],
              [
                80.7185176778535,
                6.759439219467623
              ],
              [
                80.71778814039178,
                6.758272082023261
              ],
              [
                80.7173503685401,
                6.758028896437057
              ],
              [
                80.71647476545675,
                6.758077425313871
              ],
              [
                80.71542885368085,
                6.758587893103257
              ],
              [
                80.71421273310902,
                6.75868500581521
              ],
              [
                80.71275345496731,
                6.758247184927679
              ],
              [
                80.71178064625948,
                6.757614910253712
              ],
              [
                80.71056471070361,
                6.756253192453515
              ],
              [
                80.70934873212288,
                6.755280490671036
              ],
              [
                80.70754898641178,
                6.754648101039417
              ],
              [
                80.70589513112478,
                6.754356116191042
              ],
              [
                80.70529836046293,
                6.754493700352192
              ],
              [
                80.70399795695049,
                6.754793502707425
              ],
              [
                80.70083590763691,
                6.756105992209748
              ],
              [
                80.69708994669611,
                6.758488173906201
              ],
              [
                80.69526564283176,
                6.759387497192952
              ],
              [
                80.69293060821563,
                6.760019280708791
              ],
              [
                80.69006054295014,
                6.760261944687499
              ],
              [
                80.68704462605942,
                6.760018292872628
              ],
              [
                80.68485564201953,
                6.75992065265276
              ],
              [
                80.68339624633761,
                6.760260781581437
              ],
              [
                80.68193682175253,
                6.760746788128262
              ],
              [
                80.68096391276386,
                6.760843862452518
              ],
              [
                80.67858043220286,
                6.760308511656173
              ],
              [
                80.67746158058486,
                6.760454178388421
              ],
              [
                80.67607511178255,
                6.760964495059189
              ],
              [
                80.67510208933652,
                6.761625634679076
              ],
              [
                80.67409027341843,
                6.761664334702854
              ],
              [
                80.67202788490438,
                6.760963683254763
              ],
              [
                80.66938176871727,
                6.760262900814165
              ],
              [
                80.66759165202356,
                6.760262521325827
              ],
              [
                80.66677438292328,
                6.760456855172224
              ],
              [
                80.66541210769095,
                6.761506909761726
              ],
              [
                80.6642832352333,
                6.762946030477854
              ],
              [
                80.66280412165361,
                6.764346168284187
              ],
              [
                80.66109133532426,
                6.766485383293126
              ],
              [
                80.66046862481797,
                6.766718652338676
              ]
            ]
          ]
        ]
      }
    }
  ]
}